time_start,time_end,flshoulder,flarm,flfoot,frshoulder,frarm,frfoot,blshoulder,blarm,blfoot,brshoulder,brarm,brfoot,motion,movement
1751046810.820292,15580.756745667,34.33750534057617,-23.864843368530273,110.11000061035156,-26.909997940063477,-34.12234878540039,112.68000030517578,34.357505798339844,-56.46484375,105.66517639160156,-33.589996337890625,-8.960005760192871,82.17001342773438,Stop,Stepping
1751046810.8302476,15580.766531435,34.337467193603516,-23.864879608154297,110.11000061035156,-26.909971237182617,-34.12237548828125,112.67999267578125,34.35747528076172,-56.46484375,105.66515350341797,-33.5899658203125,-8.960043907165527,82.17003631591797,Stop,Stepping
1751046810.8402722,15580.776517876,34.337284088134766,-23.86505699157715,110.11001586914062,-26.909822463989258,-34.12249755859375,112.67993927001953,34.357322692871094,-56.46485137939453,105.66510772705078,-33.58982467651367,-8.960243225097656,82.17017364501953,Stop,Stepping
1751046810.8502498,15580.787432394,34.336830139160156,-23.865482330322266,110.11005401611328,-26.909473419189453,-34.12279510498047,112.6798324584961,34.35696029663086,-56.46485900878906,105.66499328613281,-33.58948516845703,-8.96072006225586,82.1705093383789,Stop,Stepping
1751046810.8601778,15580.796533337,34.336002349853516,-23.866254806518555,110.110107421875,-26.908830642700195,-34.123348236083984,112.67961883544922,34.35629653930664,-56.46487808227539,105.66475677490234,-33.5888671875,-8.961588859558105,82.17111206054688,Stop,Stepping
1751046810.8702188,15580.806661296,34.33467483520508,-23.867507934570312,110.1102066040039,-26.907793045043945,-34.12423324584961,112.67928314208984,34.355228424072266,-56.46491622924805,105.6644058227539,-33.587867736816406,-8.96298885345459,82.1720962524414,Stop,Stepping
1751046810.8802261,15580.816410776,34.33274459838867,-23.869319915771484,110.1103515625,-26.906288146972656,-34.125511169433594,112.67878723144531,34.353668212890625,-56.4649658203125,105.66388702392578,-33.5864143371582,-8.965027809143066,82.17352294921875,Stop,Stepping
1751046810.8902192,15580.826469042,34.33010482788086,-23.871807098388672,110.11055755615234,-26.90423011779785,-34.127262115478516,112.67811584472656,34.351539611816406,-56.465030670166016,105.66316223144531,-33.58442687988281,-8.967806816101074,82.17546081542969,Stop,Stepping
1751046810.9003942,15580.837715257,34.32662582397461,-23.875072479248047,110.11080932617188,-26.901517868041992,-34.12956619262695,112.67723083496094,34.34874725341797,-56.46512222290039,105.66222381591797,-33.581817626953125,-8.971473693847656,82.17803192138672,Stop,Stepping
1751046810.910254,15580.8463533,34.32224655151367,-23.879188537597656,110.11112976074219,-26.898107528686523,-34.132469177246094,112.67610168457031,34.345218658447266,-56.465232849121094,105.66104125976562,-33.57852554321289,-8.97608757019043,82.1812515258789,Stop,Stepping
1751046810.9202244,15580.857251445,34.31686019897461,-23.884262084960938,110.11152648925781,-26.893903732299805,-34.136043548583984,112.67472839355469,34.34088134765625,-56.465370178222656,105.65958404541016,-33.57447052001953,-8.98177433013916,82.18522644042969,Stop,Stepping
1751046810.9302294,15580.866480055,34.310333251953125,-23.890392303466797,110.11200714111328,-26.88882064819336,-34.1403694152832,112.67306518554688,34.335628509521484,-56.465538024902344,105.6578140258789,-33.5695686340332,-8.988646507263184,82.19002532958984,Stop,Stepping
1751046810.9402254,15580.876777073,34.30259323120117,-23.897672653198242,110.11257934570312,-26.88278579711914,-34.1455078125,112.67108917236328,34.32939529418945,-56.465728759765625,105.65571594238281,-33.563743591308594,-8.996806144714355,82.19572448730469,Stop,Stepping
1751046810.9502497,15580.887207344,34.29352951049805,-23.90619659423828,110.11323547363281,-26.87571907043457,-34.151519775390625,112.66876220703125,34.32209396362305,-56.46596145629883,105.65325927734375,-33.556922912597656,-9.006369590759277,82.20240020751953,Stop,Stepping
1751046810.9602337,15580.896827625,34.28309631347656,-23.916004180908203,110.11399841308594,-26.867591857910156,-34.15843963623047,112.66609954833984,34.31369400024414,-56.466224670410156,105.65042114257812,-33.549076080322266,-9.017370223999023,82.21007537841797,Stop,Stepping
1751046810.9702635,15580.906661681,34.27112579345703,-23.92725944519043,110.11485290527344,-26.858261108398438,-34.16637420654297,112.66300964355469,34.30405044555664,-56.46652603149414,105.64716339111328,-33.54007339477539,-9.029989242553711,82.21887969970703,Stop,Stepping
1751046810.9802256,15580.916681581,34.257633209228516,-23.939945220947266,110.1158218383789,-26.84774398803711,-34.175323486328125,112.65955352783203,34.29317855834961,-56.466861724853516,105.64349365234375,-33.52992248535156,-9.044219017028809,82.22879791259766,Stop,Stepping
1751046810.9902253,15580.926547004,34.24245071411133,-23.954221725463867,110.11691284179688,-26.835914611816406,-34.18537902832031,112.6556396484375,34.28094482421875,-56.46723937988281,105.63935852050781,-33.518497467041016,-9.06023120880127,82.23995208740234,Stop,Stepping
1751046811.000206,15580.937087886,34.225563049316406,-23.970108032226562,110.11810302734375,-26.822751998901367,-34.19656753540039,112.65127563476562,34.267333984375,-56.4676513671875,105.63475036621094,-33.50578308105469,-9.078036308288574,82.2523422241211,Stop,Stepping
1751046811.010221,15580.94741863,34.2067756652832,-23.987781524658203,110.11943817138672,-26.808109283447266,-34.209022521972656,112.64643096923828,34.252193450927734,-56.468109130859375,105.62962341308594,-33.49163818359375,-9.097862243652344,82.2661361694336,Stop,Stepping
1751046811.0202165,15580.956672836,34.186126708984375,-24.007200241088867,110.12086486816406,-26.79201889038086,-34.22270202636719,112.64108276367188,34.23554229736328,-56.46862030029297,105.62397003173828,-33.4760856628418,-9.119645118713379,82.2812728881836,Stop,Stepping
1751046811.0302255,15580.967417377,34.16348648071289,-24.02849578857422,110.12242889404297,-26.774375915527344,-34.237701416015625,112.63520812988281,34.217288970947266,-56.46915817260742,105.61776733398438,-33.45903396606445,-9.143533706665039,82.2978515625,Stop,Stepping
1751046811.0402148,15580.976655288,34.138832092285156,-24.051692962646484,110.12410736083984,-26.755163192749023,-34.254032135009766,112.62879943847656,34.1973991394043,-56.46974563598633,105.61100006103516,-33.440460205078125,-9.169551849365234,82.31588745117188,Stop,Stepping
1751046811.0502589,15580.987236468,34.11195755004883,-24.07698631286621,110.12592315673828,-26.734220504760742,-34.271827697753906,112.62178039550781,34.175716400146484,-56.470375061035156,105.60360717773438,-33.42020034790039,-9.197917938232422,82.33553314208984,Stop,Stepping
1751046811.0602267,15580.997135795,34.083045959472656,-24.104183197021484,110.1278305053711,-26.711698532104492,-34.290958404541016,112.61421966552734,34.15238571166992,-56.47105026245117,105.59564208984375,-33.398406982421875,-9.228432655334473,82.35664367675781,Stop,Stepping
1751046811.0702116,15581.006502979,34.051822662353516,-24.133560180664062,110.12986755371094,-26.6873722076416,-34.311622619628906,112.60602569580078,34.12718200683594,-56.47175979614258,105.58700561523438,-33.37485885620117,-9.261398315429688,82.37940216064453,Stop,Stepping
1751046811.080224,15581.016457002,34.01824188232422,-24.1651611328125,110.13201141357422,-26.661209106445312,-34.33383560180664,112.59717559814453,34.100059509277344,-56.47251892089844,105.57769775390625,-33.349517822265625,-9.296856880187988,82.40385437011719,Stop,Stepping
1751046811.0902321,15581.02669121,33.98231506347656,-24.19898223876953,110.1343002319336,-26.633220672607422,-34.357601165771484,112.58768463134766,34.07103729248047,-56.47331619262695,105.5677261352539,-33.3223991394043,-9.334808349609375,82.42999267578125,Stop,Stepping
1751046811.1002173,15581.036544423,33.94397735595703,-24.235071182250977,110.13665771484375,-26.603355407714844,-34.38294982910156,112.57750701904297,34.0400505065918,-56.474151611328125,105.55703735351562,-33.2934455871582,-9.37531566619873,82.45783233642578,Stop,Stepping
1751046811.1102211,15581.046897998,33.90308380126953,-24.273576736450195,110.1391372680664,-26.571502685546875,-34.40997314453125,112.56660461425781,34.00698471069336,-56.47503662109375,105.54562377929688,-33.26254653930664,-9.418527603149414,82.48747253417969,Stop,Stepping
1751046811.1202152,15581.056739657,33.85969924926758,-24.314424514770508,110.14169311523438,-26.537708282470703,-34.43864440917969,112.55500030517578,33.971893310546875,-56.47593688964844,105.53345489501953,-33.22975158691406,-9.464395523071289,82.51887512207031,Stop,Stepping
1751046811.1302576,15581.067353846,33.81357955932617,-24.357866287231445,110.14434814453125,-26.501789093017578,-34.4691047668457,112.54259490966797,33.934566497802734,-56.47688674926758,105.5204849243164,-33.194862365722656,-9.513158798217773,82.55218505859375,Stop,Stepping
1751046811.1402495,15581.077213632,33.764915466308594,-24.403697967529297,110.14706420898438,-26.463890075683594,-34.50122833251953,112.5294418334961,33.895164489746094,-56.47786331176758,105.5067367553711,-33.15803527832031,-9.564628601074219,82.58727264404297,Stop,Stepping
1751046811.1502526,15581.087111011,33.71357727050781,-24.452051162719727,110.14984893798828,-26.423917770385742,-34.53510665893555,112.51549530029297,33.85357666015625,-56.47886657714844,105.4921875,-33.11915969848633,-9.618938446044922,82.62420654296875,Stop,Stepping
1751046811.1602669,15581.096570642,33.65945053100586,-24.5030574798584,110.1526870727539,-26.381771087646484,-34.57080078125,112.5007095336914,33.8097038269043,-56.47988510131836,105.4767837524414,-33.07814025878906,-9.676224708557129,82.6630630493164,Stop,Stepping
1751046811.1702335,15581.106442142,33.60274887084961,-24.556486129760742,110.15555572509766,-26.33762550354004,-34.608177185058594,112.48512268066406,33.76371383666992,-56.480926513671875,105.4605712890625,-33.03514862060547,-9.73625373840332,82.70366668701172,Stop,Stepping
1751046811.1802413,15581.116529322,33.54304504394531,-24.612760543823242,110.15845489501953,-26.29114532470703,-34.64750671386719,112.46863555908203,33.715267181396484,-56.48198699951172,105.44343566894531,-32.98984146118164,-9.799487113952637,82.74633026123047,Stop,Stepping
1751046811.19022,15581.127779811,33.48058319091797,-24.671642303466797,110.1613540649414,-26.242521286010742,-34.68863296508789,112.45125579833984,33.66454315185547,-56.483055114746094,105.4254150390625,-32.942405700683594,-9.865666389465332,82.79084014892578,Stop,Stepping
1751046811.2002077,15581.137294331,33.415184020996094,-24.73330307006836,110.16424560546875,-26.191617965698242,-34.73167419433594,112.43295288085938,33.61139678955078,-56.484127044677734,105.40646362304688,-32.892704010009766,-9.934988021850586,82.83731842041016,Stop,Stepping
1751046811.2102177,15581.147952582,33.346832275390625,-24.797765731811523,110.1671142578125,-26.1384220123291,-34.7766227722168,112.41368865966797,33.555809020996094,-56.485206604003906,105.38655853271484,-32.8407096862793,-10.00747013092041,82.88575744628906,Stop,Stepping
1751046811.2202158,15581.156049444,33.275543212890625,-24.86500358581543,110.16992950439453,-26.08295249938965,-34.823463439941406,112.3934555053711,33.497802734375,-56.486270904541016,105.36566925048828,-32.786441802978516,-10.083096504211426,82.9361343383789,Stop,Stepping
1751046811.230228,15581.166469124,33.201236724853516,-24.93510627746582,110.17267608642578,-26.025129318237305,-34.87226486206055,112.37220001220703,33.437278747558594,-56.48732376098633,105.34378814697266,-32.729820251464844,-10.161970138549805,82.98847961425781,Stop,Stepping
1751046811.2402763,15581.177070607,33.123573303222656,-25.00838851928711,110.17534637451172,-25.964704513549805,-34.9232292175293,112.3498306274414,33.37397384643555,-56.48835754394531,105.32078552246094,-32.67058181762695,-10.244441986083984,83.04300689697266,Stop,Stepping
1751046811.250255,15581.186554997,33.043418884277344,-25.084033966064453,110.17787170410156,-25.902353286743164,-34.97578430175781,112.32655334472656,33.308589935302734,-56.489356994628906,105.2968978881836,-32.60939025878906,-10.329594612121582,83.09907531738281,Stop,Stepping
1751046811.2602367,15581.196551305,32.96022415161133,-25.162574768066406,110.18026733398438,-25.837635040283203,-35.03028869628906,112.30219268798828,33.24065399169922,-56.490325927734375,105.27195739746094,-32.545806884765625,-10.418038368225098,83.15708923339844,Stop,Stepping
1751046811.2702308,15581.207026058,32.87382888793945,-25.244140625,110.18248748779297,-25.770444869995117,-35.08683776855469,112.27669525146484,33.170047760009766,-56.491249084472656,105.24588775634766,-32.479713439941406,-10.509928703308105,83.21710205078125,Stop,Stepping
1751046811.28023,15581.216509761,32.78428268432617,-25.32871437072754,110.18451690673828,-25.7008113861084,-35.145408630371094,112.25003051757812,33.0968017578125,-56.492122650146484,105.21869659423828,-32.41112518310547,-10.605225563049316,83.27906036376953,Stop,Stepping
1751046811.2902198,15581.226859327,32.691768646240234,-25.416093826293945,110.18631744384766,-25.628873825073242,-35.20585632324219,112.22223663330078,33.02104568481445,-56.4929313659668,105.19041442871094,-32.34019088745117,-10.70374584197998,83.34281158447266,Stop,Stepping
1751046811.300246,15581.236395451,32.5956916809082,-25.50686264038086,110.18785095214844,-25.554180145263672,-35.26856994628906,112.1930923461914,32.94229507446289,-56.49367141723633,105.16082000732422,-32.26643371582031,-10.806114196777344,83.40873718261719,Stop,Stepping
1751046811.310221,15581.246445077,32.49716567993164,-25.599966049194336,110.18909454345703,-25.47759246826172,-35.33280944824219,112.16293334960938,32.861454010009766,-56.49432373046875,105.13026428222656,-32.190704345703125,-10.911161422729492,83.4760513305664,Stop,Stepping
1751046811.3202224,15581.257219337,32.395206451416016,-25.696325302124023,110.19001007080078,-25.398344039916992,-35.39922332763672,112.13143157958984,32.777706146240234,-56.4948844909668,105.0984115600586,-32.11223602294922,-11.019946098327637,83.54539489746094,Stop,Stepping
1751046811.3302162,15581.266392287,32.29008865356445,-25.795700073242188,110.19055938720703,-25.316652297973633,-35.467620849609375,112.09861755371094,32.691261291503906,-56.49534225463867,105.06531524658203,-32.03123092651367,-11.132177352905273,83.6165542602539,Stop,Stepping
1751046811.3402205,15581.276560402,32.181827545166016,-25.89806365966797,110.19070434570312,-25.232528686523438,-35.53797912597656,112.0644760131836,32.60212707519531,-56.49568176269531,105.03095245361328,-31.947690963745117,-11.247849464416504,83.68946838378906,Stop,Stepping
1751046811.350216,15581.286855107,32.070472717285156,-26.003358840942383,110.1904067993164,-25.146015167236328,-35.610252380371094,112.02899169921875,32.510345458984375,-56.49589538574219,104.99533081054688,-31.861648559570312,-11.366909980773926,83.76409149169922,Stop,Stepping
1751046811.3602526,15581.296882917,31.955617904663086,-26.112003326416016,110.18963623046875,-25.056791305541992,-35.684715270996094,111.99201202392578,32.41555404663086,-56.495967864990234,104.95828247070312,-31.772764205932617,-11.4898099899292,83.84064483642578,Stop,Stepping
1751046811.3702614,15581.306653669,31.837953567504883,-26.22330665588379,110.18833923339844,-24.96540069580078,-35.760887145996094,111.95369720458984,32.318328857421875,-56.495880126953125,104.91999816894531,-31.68157958984375,-11.615812301635742,83.91864776611328,Stop,Stepping
1751046811.3802438,15581.316737357,31.71724510192871,-26.33751106262207,110.18646240234375,-24.871654510498047,-35.838932037353516,111.9139633178711,32.21844482421875,-56.49563980102539,104.8803939819336,-31.587886810302734,-11.74518871307373,83.99821472167969,Stop,Stepping
1751046811.3902564,15581.326480706,31.59336280822754,-26.454734802246094,110.1839828491211,-24.775463104248047,-35.91891098022461,111.87271118164062,32.11581039428711,-56.49520492553711,104.83938598632812,-31.49158477783203,-11.878067970275879,84.07937622070312,Stop,Stepping
1751046811.4002545,15581.339557248,31.466400146484375,-26.574886322021484,110.18083953857422,-24.676889419555664,-36.00075149536133,111.8299560546875,32.010475158691406,-56.49457931518555,104.7969741821289,-31.39272689819336,-12.01436996459961,84.16206359863281,Stop,Stepping
1751046811.4102693,15581.347914682,31.336183547973633,-26.698137283325195,110.17699432373047,-24.575801849365234,-36.084564208984375,111.78556823730469,31.902280807495117,-56.49374008178711,104.75306701660156,-31.291166305541992,-12.154293060302734,84.24632263183594,Stop,Stepping
1751046811.4202678,15581.356623483,31.203022003173828,-26.824188232421875,110.17239379882812,-24.472444534301758,-36.170135498046875,111.73965454101562,31.791484832763672,-56.49267578125,104.7077407836914,-31.187131881713867,-12.297511100769043,84.3319320678711,Stop,Stepping
1751046811.4302192,15581.36711786,31.067232131958008,-26.95273208618164,110.16700744628906,-24.367061614990234,-36.25725173950195,111.69225311279297,31.678333282470703,-56.49137878417969,104.66108703613281,-31.080860137939453,-12.443684577941895,84.41863250732422,Stop,Stepping
1751046811.440269,15581.377224335,30.927461624145508,-27.085050582885742,110.16071319580078,-24.258602142333984,-36.346763610839844,111.64285278320312,31.561683654785156,-56.489803314208984,104.6125717163086,-30.97127914428711,-12.594289779663086,84.50724029541016,Stop,Stepping
1751046811.4502559,15581.386629485,30.78533172607422,-27.219614028930664,110.15354919433594,-24.148334503173828,-36.43761444091797,111.59197998046875,31.44287872314453,-56.48796844482422,104.562744140625,-30.859642028808594,-12.747587203979492,84.5967025756836,Stop,Stepping
1751046811.460254,15581.398456549,30.639833450317383,-27.35736656188965,110.14540100097656,-24.03546142578125,-36.53045654296875,111.53923797607422,31.321069717407227,-56.485836029052734,104.51123809814453,-30.745141983032227,-12.904679298400879,84.68759155273438,Stop,Stepping
1751046811.4702315,15581.407053469,30.49205780029297,-27.497276306152344,110.13627624511719,-23.92083740234375,-36.62456130981445,111.4849853515625,31.197145462036133,-56.4834098815918,104.45835876464844,-30.62863540649414,-13.064386367797852,84.7791748046875,Stop,Stepping
1751046811.4802606,15581.416509917,30.340370178222656,-27.640880584716797,110.12601470947266,-23.80319595336914,-36.72096252441406,111.42855072021484,31.06972885131836,-56.48063659667969,104.40351867675781,-30.50880241394043,-13.228499412536621,84.8724365234375,Stop,Stepping
1751046811.490228,15581.426419056,30.18675422668457,-27.786293029785156,110.11469268798828,-23.684078216552734,-36.81838607788086,111.37064361572266,30.94047737121582,-56.477542877197266,104.34738159179688,-30.387205123901367,-13.394867897033691,84.96609497070312,Stop,Stepping
1751046811.5001435,15581.437221785,30.030881881713867,-27.9338321685791,110.10223388671875,-23.563217163085938,-36.91702651977539,111.31108856201172,30.8090877532959,-56.47409439086914,104.28980255126953,-30.263566970825195,-13.563868522644043,85.060302734375,Stop,Stepping
1751046811.5102265,15581.446734436,29.869749069213867,-28.086332321166992,110.08833312988281,-23.43829917907715,-37.01877212524414,111.24869537353516,30.673030853271484,-56.47021484375,104.22962188720703,-30.1354923248291,-13.738765716552734,85.1568374633789,Stop,Stepping
1751046811.5202265,15581.458467542,29.70698356628418,-28.240354537963867,110.0732192993164,-23.312124252319336,-37.12129592895508,111.18477630615234,30.535341262817383,-56.46596145629883,104.16814422607422,-30.00583839416504,-13.915637969970703,85.25344848632812,Stop,Stepping
1751046811.5302699,15581.466631593,29.541059494018555,-28.39731788635254,110.05669403076172,-23.183523178100586,-37.22556686401367,111.11872100830078,30.394718170166016,-56.46126937866211,104.1047592163086,-29.873382568359375,-14.096145629882812,85.35098266601562,Stop,Stepping
1751046811.54026,15581.476624543,29.372631072998047,-28.556623458862305,110.03874969482422,-23.052989959716797,-37.33113479614258,111.05071258544922,30.2517032623291,-56.45615005493164,104.0396728515625,-29.73862648010254,-14.279592514038086,85.44902038574219,Stop,Stepping
1751046811.5502727,15581.486550786,29.201534271240234,-28.718395233154297,110.01932525634766,-22.92040252685547,-37.438106536865234,110.98063659667969,30.106138229370117,-56.450584411621094,103.97279357910156,-29.601425170898438,-14.466180801391602,85.547607421875,Stop,Stepping
1751046811.5602672,15581.496595481,29.02793312072754,-28.882488250732422,109.99835205078125,-22.785886764526367,-37.54635238647461,110.90851593017578,29.95815658569336,-56.44452667236328,103.90411376953125,-29.46188735961914,-14.655720710754395,85.64656829833984,Stop,Stepping
1751046811.5702057,15581.507178476,28.85249137878418,-29.04825210571289,109.97586822509766,-22.649961471557617,-37.655433654785156,110.8345718383789,29.808305740356445,-56.4379997253418,103.8338851928711,-29.320547103881836,-14.847498893737793,85.74549102783203,Stop,Stepping
1751046811.5802631,15581.516469504,28.672706604003906,-29.218036651611328,109.95144653320312,-22.510683059692383,-37.76689529418945,110.7576904296875,29.654434204101562,-56.43090057373047,103.76104736328125,-29.17536163330078,-15.044271469116211,85.8457260131836,Stop,Stepping
1751046811.590265,15581.526459096,28.49125099182129,-29.389326095581055,109.9254150390625,-22.370121002197266,-37.87906265258789,110.6789321899414,29.498807907104492,-56.42327880859375,103.68661499023438,-29.02846336364746,-15.243132591247559,85.94570922851562,Stop,Stepping
1751046811.6002433,15581.53645897,28.307395935058594,-29.56277084350586,109.8975601196289,-22.227712631225586,-37.99235534667969,110.59796142578125,29.340797424316406,-56.415103912353516,103.61028289794922,-28.87925910949707,-15.444860458374023,86.04578399658203,Stop,Stepping
1751046811.610275,15581.547106245,28.120697021484375,-29.73880386352539,109.86776733398438,-22.083112716674805,-38.10702896118164,110.51449584960938,29.179996490478516,-56.40632247924805,103.53178405761719,-28.72736358642578,-15.649989128112793,86.1461410522461,Stop,Stepping
1751046811.6202738,15581.557551133,27.931869506835938,-29.916706085205078,109.8360366821289,-21.936870574951172,-38.222633361816406,110.4288101196289,29.017011642456055,-56.39695358276367,103.4513931274414,-28.573339462280273,-15.857720375061035,86.24633026123047,Stop,Stepping
1751046811.6302688,15581.567018057,27.740711212158203,-30.096681594848633,109.80232238769531,-21.788835525512695,-38.33926010131836,110.34074401855469,28.851652145385742,-56.386962890625,103.36898803710938,-28.417011260986328,-16.06829071044922,86.34639739990234,Stop,Stepping
1751046811.6402712,15581.576428567,27.547060012817383,-30.27884864807129,109.76646423339844,-21.638870239257812,-38.45698928833008,110.2501449584961,28.683753967285156,-56.37630081176758,103.28440856933594,-28.258228302001953,-16.281892776489258,86.44635772705078,Stop,Stepping
1751046811.6502461,15581.586417733,27.351892471313477,-30.462282180786133,109.72860717773438,-21.487743377685547,-38.5752067565918,110.15745544433594,28.5141658782959,-56.36501693725586,103.19805908203125,-28.097768783569336,-16.49744987487793,86.54566192626953,Stop,Stepping
1751046811.6602724,15581.59671064,27.153337478637695,-30.648725509643555,109.68830871582031,-21.33399772644043,-38.69501876831055,110.06168365478516,28.341232299804688,-56.35297775268555,103.10906982421875,-27.93408203125,-16.717037200927734,86.64517974853516,Stop,Stepping
1751046811.6702569,15581.606407155,26.95322608947754,-30.83641815185547,109.64580535888672,-21.179048538208008,-38.81528854370117,109.96365356445312,28.166542053222656,-56.340248107910156,103.0181884765625,-27.768657684326172,-16.93864631652832,86.74391174316406,Stop,Stepping
1751046811.6802418,15581.616470244,26.751407623291016,-31.02550506591797,109.60104370117188,-21.022783279418945,-38.93610382080078,109.86324310302734,27.989940643310547,-56.32681655883789,102.92530059814453,-27.601354598999023,-17.162446975708008,86.84191131591797,Stop,Stepping
1751046811.6902418,15581.627599857,26.54724884033203,-31.216543197631836,109.55380249023438,-20.864707946777344,-39.057804107666016,109.76009368896484,27.810871124267578,-56.31260681152344,102.83009338378906,-27.4316349029541,-17.38913917541504,86.93937683105469,Stop,Stepping
1751046811.7002752,15581.636557668,26.340417861938477,-31.409835815429688,109.50389862060547,-20.70456314086914,-39.18055725097656,109.65391540527344,27.62901496887207,-56.29756546020508,102.7323226928711,-27.259201049804688,-17.619110107421875,87.03642272949219,Stop,Stepping
1751046811.7102706,15581.647231631,26.13220977783203,-31.60413932800293,109.45155334472656,-20.54334831237793,-39.30358123779297,109.54535675048828,27.445497512817383,-56.28176498413086,102.63256072998047,-27.085111618041992,-17.85093116760254,87.13235473632812,Stop,Stepping
1751046811.7202735,15581.660599379,25.922086715698242,-31.799930572509766,109.39657592773438,-20.380647659301758,-39.42715072631836,109.43402862548828,27.25983428955078,-56.26512908935547,102.5304946899414,-26.908905029296875,-18.08519172668457,87.22736358642578,Stop,Stepping
1751046811.7302752,15581.66774786,25.71016502380371,-31.997087478637695,109.33892059326172,-20.216552734375,-39.55118179321289,109.3199691772461,27.07211685180664,-56.24765396118164,102.42613220214844,-26.73066520690918,-18.321773529052734,87.3213119506836,Stop,Stepping
1751046811.7402651,15581.676596255,25.496639251708984,-32.19539260864258,109.27852630615234,-20.051206588745117,-39.6755485534668,109.20320892333984,26.882492065429688,-56.22931671142578,102.31951141357422,-26.5505313873291,-18.56046485900879,87.41407775878906,Stop,Stepping
1751046811.750263,15581.686556345,25.281322479248047,-32.39499282836914,109.21530151367188,-19.88446617126465,-39.8003044128418,109.08356475830078,26.6907958984375,-56.21009063720703,102.21051025390625,-26.368337631225586,-18.801471710205078,87.5056381225586,Stop,Stepping
1751046811.7602293,15581.696583234,25.06496810913086,-32.59516525268555,109.14936065673828,-19.7169132232666,-39.92499542236328,108.96141052246094,26.497678756713867,-56.189998626708984,102.09944152832031,-26.18470573425293,-19.0439510345459,87.59562683105469,Stop,Stepping
1751046811.7702706,15581.709660317,24.8460693359375,-32.79727554321289,109.0801773071289,-19.547380447387695,-40.050472259521484,108.83583068847656,26.301776885986328,-56.16889572143555,101.98546600341797,-25.998336791992188,-19.28960609436035,87.6845932006836,Stop,Stepping
1751046811.7802725,15581.716439793,24.62595558166504,-33.00006866455078,109.00806427001953,-19.376890182495117,-40.17593765258789,108.7074966430664,26.104270935058594,-56.14686584472656,101.86924743652344,-25.810344696044922,-19.53693389892578,87.77190399169922,Stop,Stepping
1751046811.7902522,15581.726638446,24.404958724975586,-33.20318603515625,108.93305969238281,-19.205699920654297,-40.30116271972656,108.57655334472656,25.90544891357422,-56.12391662597656,101.7508773803711,-25.621000289916992,-19.785564422607422,87.85737609863281,Stop,Stepping
1751046811.8002746,15581.73649581,24.181676864624023,-33.40791702270508,108.8546142578125,-19.032724380493164,-40.42692947387695,108.44210815429688,25.70403289794922,-56.09988021850586,101.62959289550781,-25.429088592529297,-20.037078857421875,87.94148254394531,Stop,Stepping
1751046811.8102596,15581.747271408,23.957674026489258,-33.61277770996094,108.77318572998047,-18.859169006347656,-40.55232620239258,108.30503845214844,25.501415252685547,-56.07489776611328,101.50613403320312,-25.235937118530273,-20.28971290588379,88.02354431152344,Stop,Stepping
1751046811.8202693,15581.757329357,23.732315063476562,-33.81831359863281,108.68846893310547,-18.68454360961914,-40.67765426635742,108.16487121582031,25.297027587890625,-56.048866271972656,101.38015747070312,-25.040987014770508,-20.544170379638672,88.1037368774414,Stop,Stepping
1751046811.830258,15581.766442456,23.505659103393555,-34.024436950683594,108.60039520263672,-18.50888442993164,-40.80287551879883,108.02159118652344,25.090892791748047,-56.02176284790039,101.25160217285156,-24.844268798828125,-20.800386428833008,88.18196105957031,Stop,Stepping
1751046811.8402643,15581.776549879,23.278066635131836,-34.23078155517578,108.50901794433594,-18.33247947692871,-40.927757263183594,107.87537384033203,24.883338928222656,-55.99362564086914,101.12063598632812,-24.64609146118164,-21.057954788208008,88.2580337524414,Stop,Stepping
1751046811.850262,15581.786432165,23.049285888671875,-34.43755340576172,108.41419219970703,-18.155118942260742,-41.052391052246094,107.7259750366211,24.674118041992188,-55.96437072753906,100.98705291748047,-24.446212768554688,-21.317148208618164,88.33194732666016,Stop,Stepping
1751046811.8602674,15581.796558281,22.81940269470215,-34.64461898803711,108.31582641601562,-17.97687530517578,-41.176727294921875,107.57339477539062,24.463302612304688,-55.933998107910156,100.85086822509766,-24.24469757080078,-21.57785415649414,88.40359497070312,Stop,Stepping
1751046811.8702292,15581.806422873,22.589492797851562,-34.850982666015625,108.21434783935547,-17.798582077026367,-41.300140380859375,107.41829681396484,24.251874923706055,-55.902618408203125,100.71266174316406,-24.0424861907959,-21.83885383605957,88.47260284423828,Stop,Stepping
1751046811.8802369,15581.817226617,22.35784339904785,-35.05814743041992,108.1089096069336,-17.618900299072266,-41.42350769042969,107.25946807861328,24.03824234008789,-55.86997604370117,100.57134246826172,-23.838050842285156,-22.102081298828125,88.53942108154297,Stop,Stepping
1751046811.8902383,15581.826400183,22.12571144104004,-35.26493453979492,107.99999237060547,-17.438814163208008,-41.546146392822266,107.09768676757812,23.823558807373047,-55.83621597290039,100.42766571044922,-23.632490158081055,-22.366092681884766,88.60356140136719,Stop,Stepping
1751046811.900234,15581.838148899,21.892444610595703,-35.471900939941406,107.88722229003906,-17.257801055908203,-41.66836929321289,106.93244934082031,23.607208251953125,-55.80121612548828,100.2811050415039,-23.425220489501953,-22.631620407104492,88.66517639160156,Stop,Stepping
1751046811.9102194,15581.848118069,21.659440994262695,-35.67775344848633,107.77120971679688,-17.076953887939453,-41.789398193359375,106.76468658447266,23.39048194885254,-55.76517105102539,100.13255310058594,-23.21746826171875,-22.897069931030273,88.72382354736328,Stop,Stepping
1751046811.9201744,15581.856454062,21.426044464111328,-35.883056640625,107.65157318115234,-16.895755767822266,-41.90956497192383,106.59388732910156,23.172765731811523,-55.72795104980469,99.98153686523438,-23.00864601135254,-23.163162231445312,88.77960968017578,Stop,Stepping
1751046811.930265,15581.867599956,21.189157485961914,-36.0904426574707,107.5265884399414,-16.711801528930664,-42.03041076660156,106.41768646240234,22.951156616210938,-55.68903732299805,99.82596588134766,-22.795961380004883,-23.433408737182617,88.8331527709961,Stop,Stepping
1751046811.9403186,15581.877229377,20.952383041381836,-36.2967414855957,107.39803314208984,-16.52788543701172,-42.150054931640625,106.2386474609375,22.729001998901367,-55.648948669433594,99.66812133789062,-22.58262825012207,-23.703704833984375,88.88353729248047,Stop,Stepping
1751046811.9502556,15581.886824988,20.718189239501953,-36.499759674072266,107.26727294921875,-16.345924377441406,-42.267242431640625,106.05866241455078,22.508630752563477,-55.608123779296875,99.5096664428711,-22.370882034301758,-23.971195220947266,88.93023681640625,Stop,Stepping
1751046811.960265,15581.896502196,20.481691360473633,-36.70368957519531,107.13150787353516,-16.162118911743164,-42.384395599365234,105.87393188476562,22.285442352294922,-55.565704345703125,99.34724426269531,-22.15629768371582,-24.241445541381836,88.97415924072266,Stop,Stepping
1751046811.970255,15581.908542123,20.24542999267578,-36.90629959106445,106.99211120605469,-15.97844409942627,-42.500213623046875,105.68636322021484,22.061824798583984,-55.5220947265625,99.18255615234375,-21.941171646118164,-24.511531829833984,89.01476287841797,Stop,Stepping
1751046811.980263,15581.916936422,20.008541107177734,-37.10829162597656,106.8485107421875,-15.794220924377441,-42.61509704589844,105.49520874023438,21.836952209472656,-55.47712707519531,99.01493835449219,-21.72470474243164,-24.782424926757812,89.05210876464844,Stop,Stepping
1751046811.9902318,15581.926573665,19.77225112915039,-37.30856704711914,106.70138549804688,-15.610406875610352,-42.728416442871094,105.30142974853516,21.61199188232422,-55.430992126464844,98.8452377319336,-21.50802230834961,-25.052692413330078,89.0859603881836,Stop,Stepping
1751046812.0002427,15581.936464792,19.53516960144043,-37.50827407836914,106.54981231689453,-15.425909996032715,-42.840816497802734,105.10382843017578,21.385610580444336,-55.3834228515625,98.67239379882812,-21.289836883544922,-25.32391357421875,89.11647033691406,Stop,Stepping
1751046812.010244,15581.946471379,19.297847747802734,-37.7068977355957,106.3940658569336,-15.241161346435547,-42.951988220214844,104.90278625488281,21.158329010009766,-55.334476470947266,98.49674987792969,-21.07064437866211,-25.59541893005371,89.14344787597656,Stop,Stepping
1751046812.0202265,15581.956652137,19.061805725097656,-37.90312194824219,106.235107421875,-15.057348251342773,-43.06121826171875,104.69960021972656,20.93160629272461,-55.28447723388672,98.31944274902344,-20.85186004638672,-25.865442276000977,89.16670227050781,Stop,Stepping
1751046812.030276,15581.967770739,18.823368072509766,-38.099945068359375,106.07035827636719,-14.871596336364746,-43.17015075683594,104.4909896850586,20.701906204223633,-55.23259735107422,98.13761138916016,-20.630056381225586,-26.13817596435547,89.18650817871094,Stop,Stepping
1751046812.040278,15581.977238027,18.586288452148438,-38.29423522949219,105.90235137939453,-14.6868314743042,-43.27705001831055,104.28019714355469,20.47283363342285,-55.17962646484375,97.95408630371094,-20.408721923828125,-26.40928840637207,89.20246124267578,Stop,Stepping
1751046812.0502741,15581.986424511,18.349699020385742,-38.486656188964844,105.73042297363281,-14.502378463745117,-43.38228225708008,104.06642150878906,20.243562698364258,-55.125370025634766,97.76817321777344,-20.18705177307129,-26.67974281311035,89.214599609375,Stop,Stepping
1751046812.0602708,15581.997445648,18.113195419311523,-38.6775016784668,105.55426025390625,-14.317915916442871,-43.48600387573242,103.84928131103516,20.01369285583496,-55.0697135925293,97.57951354980469,-19.96466064453125,-26.94997787475586,89.222900390625,Stop,Stepping
1751046812.070276,15582.006585904,17.876962661743164,-38.86658477783203,105.37393951416016,-14.133586883544922,-43.588111877441406,103.62886047363281,19.783403396606445,-55.01267623901367,97.38822174072266,-19.741724014282227,-27.219745635986328,89.22727966308594,Stop,Stepping
1751046812.080269,15582.016550311,17.641111373901367,-39.05376052856445,105.1894760131836,-13.949479103088379,-43.68852615356445,103.4052734375,19.552810668945312,-54.95427703857422,97.19435119628906,-19.518346786499023,-27.4888858795166,89.2276840209961,Stop,Stepping
1751046812.0902333,15582.028212601,17.406261444091797,-39.238529205322266,105.00135803222656,-13.766072273254395,-43.78696823120117,103.17903900146484,19.32251739501953,-54.89464569091797,96.99839782714844,-19.29511833190918,-27.756664276123047,89.22409057617188,Stop,Stepping
1751046812.1002789,15582.036577877,17.170316696166992,-39.422462463378906,104.80781555175781,-13.581729888916016,-43.884281158447266,102.94810485839844,19.090469360351562,-54.83323287963867,96.79857635498047,-19.07004165649414,-28.025436401367188,89.21637725830078,Stop,Stepping
1751046812.1102724,15582.046494009,16.935890197753906,-39.60348892211914,104.61091613769531,-13.398486137390137,-43.97936248779297,102.71498107910156,18.859228134155273,-54.770694732666016,96.59701538085938,-18.84560203552246,-28.29218864440918,89.20457458496094,Stop,Stepping
1751046812.1202734,15582.057243404,16.701784133911133,-39.78250503540039,104.40968322753906,-13.215405464172363,-44.07267761230469,102.47845458984375,18.627626419067383,-54.70671081542969,96.39270782470703,-18.62066650390625,-28.558250427246094,89.1885986328125,Stop,Stepping
1751046812.1302798,15582.070609567,16.46841812133789,-39.95915222167969,104.20440673828125,-13.032821655273438,-44.16404342651367,102.2389144897461,18.396081924438477,-54.641357421875,96.18598175048828,-18.39563751220703,-28.823102951049805,89.16841125488281,Stop,Stepping
1751046812.1402898,15582.076451928,16.235532760620117,-40.13358688354492,103.99481964111328,-12.850522994995117,-44.253536224365234,101.9960708618164,18.164335250854492,-54.57457733154297,95.97657775878906,-18.17026710510254,-29.08701515197754,89.14397430419922,Stop,Stepping
1751046812.1502786,15582.087065468,16.003652572631836,-40.30537796020508,103.78137969970703,-12.668920516967773,-44.34092712402344,101.75044250488281,17.932910919189453,-54.50647735595703,95.76494598388672,-17.9450626373291,-29.349349975585938,89.11528015136719,Stop,Stepping
1751046812.16027,15582.096862321,15.772248268127441,-40.474884033203125,103.56355285644531,-12.487601280212402,-44.42641067504883,101.5014419555664,17.7012939453125,-54.436920166015625,95.55058288574219,-17.71952247619629,-29.610675811767578,89.08223724365234,Stop,Stepping
1751046812.170278,15582.106527749,15.541692733764648,-40.641815185546875,103.3416748046875,-12.306849479675293,-44.50981903076172,101.24945068359375,17.469850540161133,-54.365989685058594,95.33380889892578,-17.494003295898438,-29.870529174804688,89.04485321044922,Stop,Stepping
1751046812.1802795,15582.116517456,15.31168270111084,-40.80632019042969,103.11540222167969,-12.126433372497559,-44.59124755859375,100.99408721923828,17.23828887939453,-54.2935791015625,95.11431121826172,-17.268218994140625,-30.129201889038086,89.00302124023438,Stop,Stepping
1751046812.1902273,15582.126480845,15.083759307861328,-40.96731185913086,102.88626861572266,-11.947558403015137,-44.670143127441406,100.73709106445312,17.008167266845703,-54.220176696777344,94.8935546875,-17.04368782043457,-30.384950637817383,88.95704650878906,Stop,Stepping
1751046812.2002747,15582.136584075,14.854900360107422,-41.126861572265625,102.65119171142578,-11.767852783203125,-44.747528076171875,100.47500610351562,16.77643585205078,-54.14479064941406,94.6686019897461,-16.817441940307617,-30.64109992980957,88.90624237060547,Stop,Stepping
1751046812.2102804,15582.146572251,14.627836227416992,-41.28302764892578,102.41291046142578,-11.589460372924805,-44.82243728637695,100.21092224121094,16.545862197875977,-54.06829071044922,94.44207000732422,-16.592178344726562,-30.894567489624023,88.8511734008789,Stop,Stepping
1751046812.2202723,15582.156514751,14.40186882019043,-41.436283111572266,102.17073059082031,-11.41182804107666,-44.8951301574707,99.94403076171875,16.315750122070312,-53.990474700927734,94.21330261230469,-16.36721420288086,-31.14609718322754,88.79165649414062,Stop,Stepping
1751046812.2302754,15582.166588899,14.177021026611328,-41.58658218383789,101.92465209960938,-11.234977722167969,-44.96555709838867,99.67434692382812,16.08612823486328,-53.911312103271484,93.98229217529297,-16.142581939697266,-31.395620346069336,88.7276840209961,Stop,Stepping
1751046812.2402735,15582.177248424,13.95303726196289,-41.734066009521484,101.67439270019531,-11.058706283569336,-45.03380584716797,99.40156555175781,15.856740951538086,-53.830718994140625,93.74877166748047,-15.918034553527832,-31.64337921142578,88.65917205810547,Stop,Stepping
1751046812.250276,15582.186509533,13.730210304260254,-41.8785285949707,101.42025756835938,-10.883246421813965,-45.09975814819336,99.12602233886719,15.627901077270508,-53.74879837036133,93.51302337646484,-15.69387149810791,-31.889022827148438,88.58617401123047,Stop,Stepping
1751046812.2602813,15582.19650196,13.508667945861816,-42.01984786987305,101.16238403320312,-10.708693504333496,-45.163387298583984,98.84786987304688,15.399744987487793,-53.66558837890625,93.27519226074219,-15.470234870910645,-32.13236618041992,88.50871276855469,Stop,Stepping
1751046812.2702749,15582.206671222,13.288187980651855,-42.158164978027344,100.9005355834961,-10.534873962402344,-45.224727630615234,98.56681823730469,15.172049522399902,-53.58100128173828,93.03501892089844,-15.246901512145996,-32.37361526489258,88.42670440673828,Stop,Stepping
1751046812.2802691,15582.217042832,13.068962097167969,-42.2933235168457,100.63490295410156,-10.361944198608398,-45.28372573852539,98.28311920166016,14.945030212402344,-53.495113372802734,92.79273223876953,-15.02408218383789,-32.612518310546875,88.3402099609375,Stop,Stepping
1751046812.290244,15582.226486354,12.851329803466797,-42.42512512207031,100.36595153808594,-10.190164566040039,-45.34029006958008,97.99723052978516,14.719039916992188,-53.408058166503906,92.54869842529297,-14.802130699157715,-32.84868621826172,88.24937438964844,Stop,Stepping
1751046812.3002663,15582.236360231,12.634241104125977,-42.554161071777344,100.09233093261719,-10.018712997436523,-45.394691467285156,97.70774841308594,14.492997169494629,-53.31941223144531,92.30172729492188,-14.579985618591309,-33.08320999145508,88.15372467041016,Stop,Stepping
1751046812.310286,15582.246607322,12.418672561645508,-42.67983627319336,99.81529998779297,-9.84835433959961,-45.446651458740234,97.41596221923828,14.267930030822754,-53.22955322265625,92.05291748046875,-14.358654022216797,-33.31499099731445,88.05366516113281,Stop,Stepping
1751046812.3202515,15582.256916824,12.205290794372559,-42.801761627197266,99.53573608398438,-9.679621696472168,-45.49604797363281,97.1228256225586,14.044548988342285,-53.1388053894043,91.80309295654297,-14.138834953308105,-33.54328918457031,87.94955444335938,Stop,Stepping
1751046812.3302786,15582.266672799,11.992510795593262,-42.920841217041016,99.25159454345703,-9.511259078979492,-45.5432243347168,96.82616424560547,13.82120132446289,-53.04646682739258,91.55036163330078,-13.918910026550293,-33.769775390625,87.84062957763672,Stop,Stepping
1751046812.3402882,15582.278107178,11.78132438659668,-43.036495208740234,98.96417236328125,-9.344056129455566,-45.58795928955078,96.52733612060547,13.598941802978516,-52.952980041503906,91.29594421386719,-13.699912071228027,-33.993343353271484,87.72736358642578,Stop,Stepping
1751046812.35028,15582.286505237,11.570916175842285,-43.149166107177734,98.67239379882812,-9.177359580993652,-45.63041687011719,96.22521209716797,13.37691593170166,-52.857975006103516,91.03881072998047,-13.481008529663086,-34.21483612060547,87.60931396484375,Stop,Stepping
1751046812.3602684,15582.297102611,11.362695693969727,-43.258079528808594,98.37820434570312,-9.01229476928711,-45.67032241821289,95.92182159423828,13.156624794006348,-52.76209259033203,90.78072357177734,-13.263670921325684,-34.43272018432617,87.48731231689453,Stop,Stepping
1751046812.3702946,15582.306712476,11.155790328979492,-43.363704681396484,98.08043670654297,-8.848163604736328,-45.70783996582031,95.61592864990234,12.937158584594727,-52.66496276855469,90.52061462402344,-13.047011375427246,-34.64789962768555,87.36083984375,Stop,Stepping
1751046812.380238,15582.316766434,10.950922012329102,-43.4656867980957,97.78015899658203,-8.685547828674316,-45.74287414550781,95.30863952636719,12.719292640686035,-52.56691360473633,90.25943756103516,-12.831794738769531,-34.859588623046875,87.23038482666016,Stop,Stepping
1751046812.3902347,15582.32715645,10.747101783752441,-43.56449890136719,97.4759521484375,-8.523658752441406,-45.775569915771484,94.99845886230469,12.501993179321289,-52.467491149902344,89.99592590332031,-12.617003440856934,-35.068790435791016,87.09534454345703,Stop,Stepping
1751046812.400249,15582.337219245,10.544645309448242,-43.659996032714844,97.16829681396484,-8.362746238708496,-45.80589294433594,94.68592071533203,12.285598754882812,-52.366844177246094,89.73048400878906,-12.402972221374512,-35.27513885498047,86.95592498779297,Stop,Stepping
1751046812.4102786,15582.347404019,10.343408584594727,-43.752235412597656,96.85699462890625,-8.202702522277832,-45.83385467529297,94.37078094482422,12.06997299194336,-52.26491165161133,89.46295166015625,-12.18956470489502,-35.478759765625,86.81202697753906,Stop,Stepping
1751046812.4202695,15582.35693476,10.144288063049316,-43.84080123901367,96.54344940185547,-8.044238090515137,-45.85934066772461,94.05448150634766,11.856083869934082,-52.16216278076172,89.19454956054688,-11.97774600982666,-35.678714752197266,86.66432189941406,Stop,Stepping
