timestamp,obs_0,obs_1,obs_2,obs_3,obs_4,obs_5,obs_6,obs_7,obs_8,obs_9,obs_10,obs_11,obs_12,obs_13,obs_14,obs_15,obs_16,obs_17,obs_18,obs_19,obs_20,obs_21,obs_22,obs_23,obs_24,obs_25,obs_26,obs_27,obs_28,obs_29,obs_30,obs_31,obs_32,obs_33,obs_34,obs_35,obs_36,obs_37,obs_38,obs_39,obs_40,obs_41,obs_42,obs_43,obs_44,obs_45,obs_46,obs_47,action_0,action_1,action_2,action_3,action_4,action_5,action_6,action_7,action_8,action_9,action_10,action_11
1788378667.102054,-0.001651,-0.000122,-0.000398,0.009243,-0.000573,0.004179,0.001621,-0.000045,-0.999999,0.000000,0.000000,0.000000,-0.024260,0.024345,-0.022340,0.024394,-0.181366,-0.181235,-0.181191,-0.181276,0.054565,0.054565,0.054254,0.054565,0.000000,0.000000,-0.000000,-0.000000,0.000000,-0.000000,0.000000,-0.000000,0.000000,-0.000000,-0.065450,-0.000000,0.000000,0.000000,0.000000,0.000000,0.000000,0.000000,0.000000,0.000000,0.000000,0.000000,0.000000,0.000000,0.272961,0.054931,-0.197267,0.152358,0.086500,0.104113,0.132822,0.222785,0.234491,0.026096,0.188003,-0.101283
1788378667.117939,-0.001500,-0.000159,-0.000278,0.003518,0.001824,0.002315,0.003163,-0.000158,-0.999995,0.000000,0.000000,0.000000,-0.024260,0.024345,-0.022340,0.024394,-0.181366,-0.181235,-0.181191,-0.181276,0.054565,0.054565,0.054914,0.054565,0.000000,0.000000,-0.000000,-0.000000,0.000000,-0.000000,0.000000,-0.000000,0.000000,-0.000000,0.000000,-0.000000,0.000000,0.000000,0.000000,0.000000,0.000000,0.000000,0.000000,0.000000,0.000000,0.000000,0.000000,0.000000,0.274110,0.054635,-0.197146,0.154943,0.086124,0.103792,0.134388,0.222751,0.234070,0.024731,0.189136,-0.100699
1788378667.137644,-0.001168,-0.000177,-0.000104,-0.023780,0.031385,-0.009403,0.002243,-0.000680,-0.999997,0.000000,0.000000,0.000000,-0.015209,0.023739,-0.027456,0.027833,-0.164166,-0.149153,-0.153618,-0.145524,0.054565,0.033075,0.050834,0.021799,1.767146,-0.196350,-0.676315,0.436332,3.032510,4.319690,3.512475,3.970625,0.000000,-2.225295,-0.479966,-3.468842,0.000000,0.000000,0.000000,0.000000,0.000000,0.000000,0.000000,0.000000,0.000000,0.000000,0.000000,0.000000,0.260657,0.070930,-0.054765,0.294759,-0.069430,-0.124465,0.112335,0.360360,0.187804,-0.088481,0.123664,-0.170639
1788378667.157818,-0.000426,0.000179,0.004122,0.276891,0.698373,-0.017392,-0.011723,0.004537,-0.999921,0.000000,0.000000,0.000000,0.004579,0.022547,-0.032357,0.034184,-0.087372,-0.067663,-0.075457,-0.060742,0.056018,0.018166,0.049192,-0.006996,0.807215,-0.021817,0.043633,0.152716,4.232424,3.272493,4.210607,4.581490,0.523599,-0.370883,0.370883,-0.567232,0.000000,0.000000,0.000000,0.000000,0.000000,0.000000,0.000000,0.000000,0.000000,0.000000,0.000000,0.000000,0.201841,0.079946,-0.174911,0.342528,0.043047,-0.234923,0.092909,0.303511,0.179294,-0.250299,-0.001038,-0.175921
1788378667.177714,0.001473,0.000958,0.007702,0.113772,0.390645,-0.120856,-0.018891,0.006648,-0.999799,0.000000,0.000000,0.000000,0.024966,0.022564,-0.034383,0.042395,-0.037848,-0.044600,-0.017016,0.016391,0.055151,-0.003601,0.042222,-0.024938,1.047198,0.174533,-0.000000,0.152716,1.723513,0.981748,1.941679,2.945244,-0.283616,-0.981748,-0.479966,-0.567232,0.000000,0.000000,0.000000,0.000000,0.000000,0.000000,0.000000,0.000000,0.000000,0.000000,0.000000,0.000000,0.183865,-0.038157,-0.234279,0.282950,0.196858,-0.041823,0.179070,0.195450,0.164276,-0.146957,0.021576,-0.186370
1788378667.197817,0.004647,0.002348,0.006123,0.040402,0.021398,0.026150,-0.016212,0.010017,-0.999818,0.000000,0.000000,0.000000,0.040467,0.025089,-0.035103,0.045305,-0.021156,-0.041960,0.004891,0.050395,0.049833,-0.035699,0.019625,-0.033185,0.414516,0.152716,-0.021817,0.283616,0.458149,-0.218166,0.741765,1.047198,-0.283616,-1.548980,-1.178097,-0.327250,0.272961,0.054931,-0.197267,0.152358,0.086500,0.104113,0.132822,0.222785,0.234491,0.026096,0.188003,-0.101283,0.395136,-0.090254,-0.394892,0.297712,0.224488,0.216527,0.235653,0.294357,0.158476,-0.162620,-0.013514,-0.178529
1788378667.218161,0.005411,0.002841,0.003379,0.016168,0.085181,0.092729,-0.017028,0.009197,-0.999813,0.000000,0.000000,0.000000,0.041915,0.022697,-0.031138,0.047977,-0.012993,-0.041990,0.010419,0.054087,0.048475,-0.041379,0.014035,-0.036743,0.065450,-0.436332,0.239983,0.087267,1.199914,0.763582,0.763582,0.130900,-0.152716,-0.087267,-0.349066,-0.370883,0.274110,0.054635,-0.197146,0.154943,0.086124,0.103792,0.134388,0.222751,0.234070,0.024731,0.189136,-0.100699,0.420561,0.010652,-0.322231,0.236961,0.207793,0.159862,0.225857,0.313990,0.097086,-0.162562,-0.002553,-0.245059
1788378667.237744,0.005073,0.003225,-0.004280,-0.134567,0.236581,-0.022053,-0.021527,0.006107,-0.999750,0.000000,0.000000,0.000000,0.051198,0.003965,-0.044841,0.052000,0.029200,-0.000778,0.034346,0.057971,0.043725,-0.039261,0.004850,-0.041930,0.872665,-0.654499,-0.807215,0.109083,1.265364,1.658063,0.807215,0.021817,-0.130900,-0.087266,-0.370883,-0.196350,0.260657,0.070930,-0.054765,0.294759,-0.069430,-0.124465,0.112335,0.360360,0.187804,-0.088481,0.123664,-0.170639,0.390829,0.041916,-0.273460,0.284838,0.249732,-0.119467,0.279873,0.276595,0.018352,-0.166858,-0.030398,-0.342129
1788378667.257779,0.004751,0.002708,-0.005448,-0.139760,0.164543,-0.064664,-0.024674,0.003376,-0.999690,0.000000,0.000000,0.000000,0.066072,-0.000788,-0.054874,0.049218,0.044777,0.022942,0.044401,0.065375,0.036869,-0.037938,0.003107,-0.052787,0.938115,0.000000,-0.479966,-0.000000,0.414516,1.025381,0.327250,0.370883,-0.654499,-0.000000,-0.021817,-0.458149,0.201841,0.079946,-0.174911,0.342528,0.043047,-0.234923,0.092909,0.303511,0.179294,-0.250299,-0.001038,-0.175921,0.339534,0.005894,-0.305021,0.291801,0.386220,-0.135655,0.272584,0.242064,0.028532,-0.228790,-0.052802,-0.285861
1788378667.277701,0.004265,0.001727,-0.001477,-0.042821,-0.025740,-0.008737,-0.023708,0.002913,-0.999715,0.000000,0.000000,0.000000,0.080964,0.000245,-0.060650,0.053213,0.050858,0.017095,0.051500,0.066738,0.021406,-0.037049,-0.001073,-0.071415,0.545415,0.305433,-0.174533,0.327249,0.218167,-0.436332,0.370883,0.021817,-1.112647,0.021817,-0.152716,-0.785399,0.183865,-0.038157,-0.234279,0.282950,0.196858,-0.041823,0.179070,0.195450,0.164276,-0.146957,0.021576,-0.186370,0.351784,-0.137209,-0.385140,0.240823,0.410184,0.144265,0.300174,0.199826,0.011310,-0.199977,-0.084324,-0.249567
1788378667.297940,0.003813,0.001295,0.002417,0.146796,-0.131734,0.065964,-0.020969,0.005719,-0.999764,0.000000,0.000000,0.000000,0.083405,0.000862,-0.063705,0.060778,0.059899,-0.003574,0.058511,0.062059,0.012153,-0.048497,-0.006342,-0.070401,-0.174533,0.065450,-0.152716,0.305433,0.501782,-1.112647,0.370883,-0.239983,-0.436332,-0.414516,-0.218166,0.130900,0.395136,-0.090254,-0.394892,0.297712,0.224488,0.216527,0.235653,0.294357,0.158476,-0.162620,-0.013514,-0.178529,0.487658,-0.240133,-0.527566,0.310405,0.350419,0.426684,0.278003,0.270338,-0.004325,-0.311642,-0.163515,-0.192821
1788378667.317834,0.003453,0.001060,0.006018,-0.004871,-0.030534,0.020424,-0.020194,0.005473,-0.999781,0.000000,0.000000,0.000000,0.082595,-0.003294,-0.073176,0.064547,0.078456,0.004613,0.063021,0.057984,0.008709,-0.050943,-0.013503,-0.065255,0.000000,-0.479966,-0.676315,0.043633,0.719949,0.458149,0.196350,-0.196350,-0.130900,-0.000000,-0.414516,0.196350,0.420561,0.010652,-0.322231,0.236961,0.207793,0.159862,0.225857,0.313990,0.097086,-0.162562,-0.002553,-0.245059,0.509278,-0.126075,-0.450143,0.193652,0.426934,0.271114,0.281309,0.198925,-0.075013,-0.269411,-0.113777,-0.324072
1788378667.337698,0.003580,0.000405,0.006064,-0.203943,0.097831,-0.056275,-0.021920,0.000889,-0.999759,0.000000,0.000000,0.000000,0.088777,-0.012163,-0.090495,0.067182,0.088718,0.042247,0.066932,0.058273,0.005780,-0.066027,-0.027929,-0.055634,0.567232,-0.719948,-0.894481,0.043633,0.458149,1.679879,0.174533,-0.000000,-0.174533,-0.632682,-0.763582,0.349066,0.390829,0.041916,-0.273460,0.284838,0.249732,-0.119467,0.279873,0.276595,0.018352,-0.166858,-0.030398,-0.342129,0.526990,-0.038595,-0.446021,0.169059,0.593718,-0.069012,0.341172,0.073406,-0.137059,-0.222616,-0.110016,-0.473232
1788378667.357671,0.004204,-0.000899,0.004038,-0.358406,0.073329,-0.023385,-0.022332,-0.004871,-0.999739,0.000000,0.000000,0.000000,0.100618,-0.018121,-0.099991,0.062835,0.092403,0.058944,0.066411,0.058882,-0.006372,-0.065149,-0.029045,-0.069921,0.698132,-0.021817,-0.305433,-0.065450,0.196350,0.501782,-0.021817,-0.000000,-0.829032,0.109083,0.087266,-0.632682,0.339534,0.005894,-0.305021,0.291801,0.386220,-0.135655,0.272584,0.242064,0.028532,-0.228790,-0.052802,-0.285861,0.492368,-0.064490,-0.411180,0.165409,0.657730,-0.026494,0.337775,0.076737,-0.151977,-0.240130,-0.131349,-0.391317
1788378667.377712,0.004920,-0.001432,0.000696,-0.111131,-0.025873,0.052382,-0.021557,-0.006967,-0.999743,0.000000,0.000000,0.000000,0.110452,-0.022692,-0.102800,0.060058,0.105154,0.048827,0.070537,0.044900,-0.021731,-0.056787,-0.029129,-0.098441,0.370883,0.109083,-0.000000,-0.152716,0.654499,-0.719948,0.349066,-0.938115,-0.938115,0.239983,0.174533,-1.156281,0.351784,-0.137209,-0.385140,0.240823,0.410184,0.144265,0.300174,0.199826,0.011310,-0.199977,-0.084324,-0.249567,0.461812,-0.198594,-0.464671,0.143290,0.559099,0.300741,0.332936,0.106633,-0.168475,-0.244652,-0.182066,-0.319770
1788378667.397824,0.005391,-0.000816,-0.003322,0.355055,-0.202175,0.066231,-0.017299,-0.000033,-0.999850,0.000000,0.000000,0.000000,0.111876,-0.024356,-0.095017,0.055531,0.127497,0.027038,0.077208,0.028606,-0.030422,-0.059705,-0.031439,-0.098822,0.000000,-0.043633,0.218166,-0.414516,1.069014,-0.981748,0.327249,-0.567232,-0.545415,-0.065450,0.000000,0.065450,0.487658,-0.240133,-0.527566,0.310405,0.350419,0.426684,0.278003,0.270338,-0.004325,-0.311642,-0.163515,-0.192821,0.538393,-0.381492,-0.577423,0.280317,0.442461,0.637993,0.237540,0.190946,-0.152520,-0.450628,-0.251434,-0.185337
1788378667.418120,0.005923,0.000284,-0.005737,0.018032,-0.129071,-0.060003,-0.013457,-0.001506,-0.999908,0.000000,0.000000,0.000000,0.112574,-0.027554,-0.097477,0.046581,0.144348,0.039525,0.079130,0.027959,-0.035311,-0.061085,-0.038985,-0.087819,0.000000,-0.436332,-0.218166,-0.436332,0.501782,0.632682,0.043633,-0.043633,-0.239983,-0.065450,-0.327249,0.545415,0.509278,-0.126075,-0.450143,0.193652,0.426934,0.271114,0.281309,0.198925,-0.075013,-0.269411,-0.113777,-0.324072,0.557572,-0.273144,-0.536895,0.101077,0.651763,0.386190,0.256530,0.013290,-0.215110,-0.347786,-0.155575,-0.360623
1788378667.437763,0.006139,0.000660,-0.005090,-0.156672,-0.009362,-0.076115,-0.012722,-0.005123,-0.999906,0.000000,0.000000,0.000000,0.117965,-0.035507,-0.109748,0.047443,0.139906,0.084737,0.074257,0.036048,-0.038148,-0.088934,-0.051428,-0.063275,0.239983,-1.069014,-0.763582,0.130900,-0.327249,2.159845,-0.392699,0.589049,0.065450,-1.483530,-0.610865,0.981748,0.526990,-0.038595,-0.446021,0.169059,0.593718,-0.069012,0.341172,0.073406,-0.137059,-0.222616,-0.110016,-0.473232,0.674861,-0.129167,-0.595239,0.047074,0.859050,0.016171,0.283924,-0.159924,-0.264702,-0.276415,-0.131127,-0.532974
1788378667.457638,0.006128,-0.000137,-0.001420,-0.525120,0.034447,0.020957,-0.011965,-0.013883,-0.999832,0.000000,0.000000,0.000000,0.123253,-0.043172,-0.119940,0.044683,0.137980,0.097034,0.066962,0.034744,-0.046959,-0.086515,-0.044922,-0.076919,0.370883,-0.196350,-0.414516,0.043633,0.152716,0.392699,-0.130900,-0.021817,-0.719948,0.392699,0.283616,-0.676315,0.492368,-0.064490,-0.411180,0.165409,0.657730,-0.026494,0.337775,0.076737,-0.151977,-0.240130,-0.131349,-0.391317,0.651476,-0.106051,-0.489723,0.023396,0.861147,0.047224,0.312704,-0.113773,-0.329931,-0.265775,-0.158054,-0.468234
1788378667.477975,0.005508,-0.000514,0.003050,0.044264,-0.030800,0.117097,-0.010005,-0.012863,-0.999867,0.000000,0.000000,0.000000,0.130281,-0.049134,-0.124475,0.044710,0.155128,0.084882,0.067745,0.006639,-0.057711,-0.072858,-0.038420,-0.109488,0.610865,0.000000,-0.043633,-0.130900,0.981748,-1.374447,0.087266,-1.701696,-0.763582,0.567232,0.327249,-1.330814,0.461812,-0.198594,-0.464671,0.143290,0.559099,0.300741,0.332936,0.106633,-0.168475,-0.244652,-0.182066,-0.319770,0.525892,-0.223261,-0.504355,-0.020367,0.702322,0.417079,0.308006,-0.043663,-0.332342,-0.273517,-0.219026,-0.371380
1788378667.497946,0.004771,0.000930,0.003207,0.574499,-0.213626,0.013234,-0.005723,-0.001816,-0.999982,0.000000,0.000000,0.000000,0.136858,-0.047560,-0.121538,0.040295,0.180397,0.055367,0.071058,-0.018404,-0.069103,-0.069179,-0.039847,-0.111751,0.327249,0.458149,0.021817,-0.349066,1.156281,-1.352630,0.218166,-0.850848,-0.785398,0.130900,-0.021817,0.021817,0.538393,-0.381492,-0.577423,0.280317,0.442461,0.637993,0.237540,0.190946,-0.152520,-0.450628,-0.251434,-0.185337,0.583956,-0.533732,-0.602066,0.244790,0.512668,0.825952,0.184826,0.080937,-0.281134,-0.554743,-0.270140,-0.152212
1788378667.517771,0.004744,0.001854,0.002017,0.225492,-0.158232,-0.125384,-0.001552,0.000724,-0.999999,0.000000,0.000000,0.000000,0.141723,-0.042068,-0.126095,0.025296,0.190828,0.067205,0.074791,-0.019508,-0.075211,-0.069534,-0.048091,-0.100358,-0.087266,-0.109083,-0.239983,-1.025381,0.000000,0.938115,0.109083,0.327249,-0.021817,-0.043633,-0.392699,0.349066,0.557572,-0.273144,-0.536895,0.101077,0.651763,0.386190,0.256530,0.013290,-0.215110,-0.347786,-0.155575,-0.360623,0.605779,-0.356369,-0.573756,-0.039826,0.862594,0.508782,0.196774,-0.198879,-0.327190,-0.371217,-0.120955,-0.423757
1788378667.537638,0.004744,0.001854,0.002017,-0.075312,-0.077272,-0.038298,0.000781,-0.000370,-1.000000,0.000000,0.000000,0.000000,0.146758,-0.052638,-0.135358,0.022826,0.180354,0.116319,0.069771,-0.005033,-0.072266,-0.105076,-0.057273,-0.064865,0.087267,-1.439897,-0.414516,0.021817,-0.741765,2.421645,-0.479966,0.763582,0.545415,-2.268928,-0.458149,1.701696,0.674861,-0.129167,-0.595239,0.047074,0.859050,0.016171,0.283924,-0.159924,-0.264702,-0.276415,-0.131127,-0.532974,0.797051,-0.193614,-0.717885,-0.065388,1.002964,0.103681,0.196539,-0.342579,-0.333470,-0.301901,-0.141168,-0.530340
1788378667.557564,0.004744,0.001854,0.002017,-0.689437,0.040173,0.030145,0.001191,-0.012833,-0.999917,0.000000,0.000000,0.000000,0.149665,-0.062685,-0.137881,0.013352,0.179934,0.125289,0.058601,-0.005952,-0.079040,-0.098258,-0.042132,-0.083515,0.152716,-0.174533,-0.000000,-0.021817,0.218166,0.021817,-0.261799,0.087266,-0.501782,0.479966,0.610865,-1.221731,0.651476,-0.106051,-0.489723,0.023396,0.861147,0.047224,0.312704,-0.113773,-0.329931,-0.265775,-0.158054,-0.468234,0.772576,-0.131622,-0.549722,-0.072935,1.018630,0.103785,0.240137,-0.278809,-0.477232,-0.296767,-0.131168,-0.486803
1788378667.577845,0.003263,0.002150,-0.003528,0.144931,0.132585,0.166898,-0.001260,-0.010046,-0.999949,0.000000,0.000000,0.000000,0.158179,-0.073260,-0.139474,0.015206,0.199699,0.115662,0.057396,-0.036471,-0.082185,-0.080281,-0.038674,-0.112501,0.807215,-0.087267,-0.043633,-0.109083,1.134464,-0.567232,0.000000,-1.919863,-0.043633,0.850848,0.043633,-1.156281,0.525892,-0.223261,-0.504355,-0.020367,0.702322,0.417079,0.308006,-0.043663,-0.332342,-0.273517,-0.219026,-0.371380,0.599219,-0.209536,-0.510321,-0.224941,0.853652,0.486979,0.229617,-0.230918,-0.466987,-0.284884,-0.198021,-0.423051
1788378667.597907,0.001847,0.003709,-0.002875,0.514711,-0.168885,-0.020455,0.002177,0.000211,-0.999998,0.000000,0.000000,0.000000,0.163096,-0.072881,-0.132931,0.013488,0.222860,0.082812,0.056637,-0.061582,-0.099564,-0.076335,-0.037455,-0.116145,0.370882,0.545415,0.087267,-0.436332,1.090831,-1.658063,0.021817,-0.916298,-1.548980,-0.000000,0.109083,-0.152716,0.583956,-0.533732,-0.602066,0.244790,0.512668,0.825952,0.184826,0.080937,-0.281134,-0.554743,-0.270140,-0.152212,0.615153,-0.665851,-0.594061,0.209570,0.552252,0.977868,0.127099,0.005927,-0.358896,-0.606465,-0.238921,-0.087422
1788378667.617787,0.001544,0.005011,-0.002249,0.502328,-0.183399,-0.112068,0.006810,0.006259,-0.999957,0.000000,0.000000,0.000000,0.166371,-0.065033,-0.137183,-0.006673,0.229111,0.091178,0.059795,-0.063144,-0.108446,-0.074568,-0.044202,-0.108962,-0.174533,0.349066,-0.305433,-1.243547,-0.065450,0.610865,0.021817,0.065450,-0.087267,0.087266,-0.261799,0.196350,0.605779,-0.356369,-0.573756,-0.039826,0.862594,0.508782,0.196774,-0.198879,-0.327190,-0.371217,-0.120955,-0.423757,0.658442,-0.374966,-0.582393,-0.218522,1.042681,0.654079,0.114703,-0.405673,-0.421265,-0.336197,-0.065551,-0.483751
1788378667.638400,0.001798,0.005781,-0.001742,-0.072782,-0.102439,-0.084371,0.009150,0.005222,-0.999945,0.000000,0.000000,0.000000,0.167868,-0.058725,-0.141876,-0.011421,0.229498,0.105051,0.057046,-0.050147,-0.109103,-0.085743,-0.048151,-0.092594,0.152716,0.567232,-0.632682,0.479965,-0.545415,2.683444,-0.589049,1.570796,-0.065450,-2.508911,-0.589049,3.119776,0.797051,-0.193614,-0.717885,-0.065388,1.002964,0.103681,0.196539,-0.342579,-0.333470,-0.301901,-0.141168,-0.530340,0.840269,-0.287382,-0.772874,-0.069996,1.070078,0.188600,0.060581,-0.451330,-0.391827,-0.327164,-0.134005,-0.432229
1788378667.659030,0.002293,0.005075,-0.000775,-0.779851,0.064807,0.006310,0.007991,-0.010465,-0.999913,0.000000,0.000000,0.000000,0.164279,-0.077362,-0.150832,-0.022981,0.211908,0.152374,0.042309,-0.039402,-0.104178,-0.099750,-0.031815,-0.083098,-0.021817,0.458149,-0.065450,-0.218166,0.523599,0.567232,-0.327249,0.414516,-0.632682,1.374447,0.959931,-2.203478,0.772576,-0.131622,-0.549722,-0.072935,1.018630,0.103785,0.240137,-0.278809,-0.477232,-0.296767,-0.131168,-0.486803,0.863304,-0.111850,-0.555918,-0.133181,1.171339,0.166601,0.178326,-0.385212,-0.601027,-0.320952,-0.050215,-0.514473
1788378667.678114,0.001962,0.004038,0.000453,0.160378,0.240975,0.145060,0.004171,-0.007371,-0.999964,0.000000,0.000000,0.000000,0.166319,-0.087024,-0.151710,-0.011718,0.229065,0.143604,0.036743,-0.067666,-0.102329,-0.084833,-0.033244,-0.098034,0.698132,-0.261799,-0.174533,0.436332,1.090831,-0.087267,-0.392699,-1.614430,0.305433,0.807215,-0.152716,-0.501782,0.599219,-0.209536,-0.510321,-0.224941,0.853652,0.486979,0.229617,-0.230918,-0.466987,-0.284884,-0.198021,-0.423051,0.692178,-0.209163,-0.541067,-0.383097,1.017712,0.547970,0.126019,-0.434979,-0.564366,-0.289667,-0.145449,-0.464567
1788378667.698010,0.000262,0.004204,-0.000740,0.265839,-0.026805,-0.021121,0.004758,-0.002570,-0.999985,0.000000,0.000000,0.000000,0.170873,-0.087891,-0.144734,-0.009152,0.252163,0.115984,0.030681,-0.089346,-0.119030,-0.082149,-0.025123,-0.114980,0.501782,0.719948,0.261799,-0.087266,1.330814,-1.636246,-0.130900,-0.719948,-2.094395,0.087266,0.436332,-0.632682,0.615153,-0.665851,-0.594061,0.209570,0.552252,0.977868,0.127099,0.005927,-0.358896,-0.606465,-0.238921,-0.087422,0.618880,-0.759181,-0.578708,0.218693,0.554124,1.088466,0.076033,0.016045,-0.407408,-0.624385,-0.212000,-0.004826
1788378667.718402,-0.001250,0.005414,-0.003873,0.473166,-0.115888,-0.098752,0.007425,0.006306,-0.999953,0.000000,0.000000,0.000000,0.177729,-0.079118,-0.146286,-0.032548,0.262038,0.116518,0.036962,-0.094369,-0.133347,-0.077033,-0.031267,-0.112782,-0.152716,0.370883,-0.043633,-1.439897,0.000000,0.261799,0.218166,-0.065450,-0.109083,0.305433,-0.436332,0.196350,0.658442,-0.374966,-0.582393,-0.218522,1.042681,0.654079,0.114703,-0.405673,-0.421265,-0.336197,-0.065551,-0.483751,0.697545,-0.360827,-0.581973,-0.342777,1.151470,0.753771,0.040114,-0.549738,-0.484168,-0.282298,-0.021692,-0.543699
1788378667.737896,-0.001283,0.005636,-0.004876,-0.028440,-0.006965,-0.096089,0.007731,0.006239,-0.999951,0.000000,0.000000,0.000000,0.180314,-0.087007,-0.152007,-0.033505,0.246785,0.161485,0.032688,-0.069474,-0.118624,-0.116341,-0.043228,-0.060109,-0.349066,-2.159845,-0.349066,0.327249,-2.334378,2.967060,-0.327249,1.025381,1.658063,-2.967060,-0.632682,3.796092,0.840269,-0.287382,-0.772874,-0.069996,1.070078,0.188600,0.060581,-0.451330,-0.391827,-0.327164,-0.134005,-0.432229,0.864164,-0.298210,-0.841756,-0.097787,1.082421,0.235672,0.078353,-0.546551,-0.373768,-0.341695,-0.137902,-0.504703
1788378667.757990,-0.000451,0.003430,-0.002196,-1.100230,0.077990,0.065698,0.006302,-0.014808,-0.999870,0.000000,0.000000,0.000000,0.179112,-0.091354,-0.155097,-0.059426,0.241058,0.177845,0.024057,-0.059831,-0.118495,-0.097344,-0.022606,-0.073433,0.261799,0.872665,0.109083,-0.785398,0.523599,0.610865,-0.130900,0.741765,-0.894481,2.225295,1.025381,-3.403392,0.863304,-0.111850,-0.555918,-0.133181,1.171339,0.166601,0.178326,-0.385212,-0.601027,-0.320952,-0.050215,-0.514473,0.926801,-0.055342,-0.527149,-0.153732,1.259610,0.182799,0.127929,-0.395036,-0.740823,-0.337857,0.015369,-0.502560
1788378667.777680,-0.000844,0.001962,0.001290,0.129618,0.269738,0.132011,0.001649,-0.012683,-0.999918,0.000000,0.000000,0.000000,0.180361,-0.098947,-0.156384,-0.046925,0.249610,0.162281,0.024351,-0.077508,-0.106968,-0.084863,-0.030643,-0.105935,0.589049,-0.392699,-0.087266,0.370882,0.567232,-0.087267,0.021817,-1.527163,1.156281,0.698132,-0.414516,-0.916298,0.692178,-0.209163,-0.541067,-0.383097,1.017712,0.547970,0.126019,-0.434979,-0.564366,-0.289667,-0.145449,-0.464567,0.774313,-0.195573,-0.569333,-0.493023,1.127280,0.594776,0.061059,-0.556509,-0.614093,-0.269062,-0.095389,-0.530886
1788378667.797773,-0.003209,0.001278,0.003666,0.356253,-0.013756,0.010837,0.000776,-0.005951,-0.999982,0.000000,0.000000,0.000000,0.187958,-0.094913,-0.144271,-0.038566,0.271214,0.132957,0.022467,-0.099264,-0.132431,-0.084835,-0.012529,-0.116475,0.654499,0.916298,0.349066,0.130900,1.221731,-1.723513,-0.043633,-0.850848,-3.534292,-0.043633,0.850848,-0.283616,0.618880,-0.759181,-0.578708,0.218693,0.554124,1.088466,0.076033,0.016045,-0.407408,-0.624385,-0.212000,-0.004826,0.580371,-0.804518,-0.584315,0.203201,0.499353,1.191289,0.022776,0.080829,-0.421162,-0.628239,-0.155245,0.065818
1788378667.817750,-0.003973,0.001693,0.002495,0.602063,-0.094716,-0.079444,0.003292,0.005012,-0.999982,0.000000,0.000000,0.000000,0.194081,-0.082838,-0.145912,-0.060454,0.284258,0.133770,0.026787,-0.108509,-0.150389,-0.074972,-0.018199,-0.122071,0.000000,0.567232,-0.021817,-1.156281,0.305433,0.152716,0.065450,-0.087267,0.458149,0.501782,-0.261799,-0.239983,0.697545,-0.360827,-0.581973,-0.342777,1.151470,0.753771,0.040114,-0.549738,-0.484168,-0.282298,-0.021692,-0.543699,0.754014,-0.345669,-0.571119,-0.441387,1.202892,0.887067,-0.015505,-0.624915,-0.557872,-0.246286,0.017060,-0.572468
1788378667.838033,-0.003886,0.001486,0.000582,-0.074380,0.091572,-0.149485,0.001350,0.003793,-0.999992,0.000000,0.000000,0.000000,0.193290,-0.092628,-0.151568,-0.054220,0.261577,0.177700,0.018286,-0.077540,-0.126998,-0.119777,-0.031125,-0.057300,-0.610865,-2.203478,-0.370883,0.458149,-2.748894,2.748894,-0.523599,1.418080,2.028945,-2.814343,-0.567232,4.668756,0.864164,-0.298210,-0.841756,-0.097787,1.082421,0.235672,0.078353,-0.546551,-0.373768,-0.341695,-0.137902,-0.504703,0.845760,-0.319949,-0.870799,-0.058845,1.049848,0.272367,0.065677,-0.604501,-0.365900,-0.377244,-0.135510,-0.499370
1788378667.857852,-0.003886,0.001486,0.000582,-1.303961,0.109548,0.093129,-0.000128,-0.017949,-0.999839,0.000000,0.000000,0.000000,0.189919,-0.103583,-0.155419,-0.068575,0.245787,0.193447,0.014676,-0.067385,-0.116840,-0.124283,-0.024261,-0.037774,-0.196350,-0.785398,-0.283616,-3.032510,-0.872665,0.676315,-0.523599,0.021817,0.414516,1.178097,1.767146,0.414516,0.926801,-0.055342,-0.527149,-0.153732,1.259610,0.182799,0.127929,-0.395036,-0.740823,-0.337857,0.015369,-0.502560,1.000490,-0.117574,-0.688690,-0.168465,1.238758,0.167671,0.031094,-0.460882,-0.746715,-0.355970,-0.049057,-0.566564
1788378667.877687,-0.003886,0.001486,0.000582,0.107780,0.329659,0.108708,-0.006317,-0.016077,-0.999851,0.000000,0.000000,0.000000,0.194051,-0.103825,-0.153611,-0.064806,0.258023,0.184434,0.014234,-0.080554,-0.113679,-0.088449,-0.025071,-0.103098,0.370883,-0.349066,-0.087266,0.610865,0.000000,-0.130900,0.087267,-1.832596,1.876229,0.261799,-0.741765,-0.981748,0.774313,-0.195573,-0.569333,-0.493023,1.127280,0.594776,0.061059,-0.556509,-0.614093,-0.269062,-0.095389,-0.530886,0.831029,-0.191624,-0.604757,-0.537173,1.183811,0.639928,0.012091,-0.638342,-0.635741,-0.257911,-0.079159,-0.570173
1788378667.897805,-0.001115,-0.003799,0.001026,0.200059,0.005552,0.009772,-0.006967,-0.013721,-0.999882,0.000000,0.000000,0.000000,0.202597,-0.103943,-0.144740,-0.057454,0.274214,0.151611,0.011842,-0.105316,-0.132401,-0.087420,-0.018570,-0.124942,0.916298,0.610865,0.065450,0.087267,1.090831,-2.421645,0.000000,-0.916298,-3.490658,-0.021817,0.305433,-0.676315,0.580371,-0.804518,-0.584315,0.203201,0.499353,1.191289,0.022776,0.080829,-0.421162,-0.628239,-0.155245,0.065818,0.500426,-0.855262,-0.602398,0.212170,0.428432,1.289054,0.006324,0.166406,-0.404202,-0.638721,-0.138042,0.110964
1788378667.918047,-0.001659,-0.003671,0.000137,0.601797,-0.078737,-0.084770,-0.005111,-0.002074,-0.999985,0.000000,0.000000,0.000000,0.208144,-0.094463,-0.147374,-0.078873,0.287149,0.148799,0.010956,-0.121659,-0.153898,-0.074707,-0.020105,-0.132063,0.043633,0.632682,-0.130900,-1.112648,0.392699,0.087266,-0.130900,-0.523599,0.196350,0.479966,-0.043633,-0.218166,0.754014,-0.345669,-0.571119,-0.441387,1.202892,0.887067,-0.015505,-0.624915,-0.557872,-0.246286,0.017060,-0.572468,0.778304,-0.341086,-0.554888,-0.508602,1.255331,0.989951,-0.072952,-0.668301,-0.583067,-0.206962,0.030560,-0.604796
1788378667.937917,-0.001663,-0.004608,0.000462,0.168234,0.062011,-0.136702,-0.006334,0.001449,-0.999979,0.000000,0.000000,0.000000,0.202087,-0.102317,-0.154200,-0.067176,0.270500,0.189291,0.008933,-0.087456,-0.128253,-0.120208,-0.028739,-0.066117,-0.894481,-2.356194,-0.392699,0.807215,-2.596178,3.272493,-0.065450,1.788963,2.487094,-3.010693,-0.414516,5.628687,0.845760,-0.319949,-0.870799,-0.058845,1.049848,0.272367,0.065677,-0.604501,-0.365900,-0.377244,-0.135510,-0.499370,0.833738,-0.316204,-0.897990,-0.027433,0.989780,0.306916,0.044089,-0.606314,-0.347190,-0.438930,-0.147672,-0.473630
1788378667.957792,-0.000000,-0.006598,0.002764,-1.349901,0.078123,0.111505,-0.007449,-0.023520,-0.999696,0.000000,0.000000,0.000000,0.202687,-0.102991,-0.156065,-0.100392,0.264549,0.217369,0.002671,-0.074437,-0.130137,-0.092913,-0.007081,-0.052173,0.545415,1.199914,0.196350,-1.003565,0.567232,1.243547,-0.196350,1.679880,-1.876229,3.272493,1.047198,-2.792527,1.000490,-0.117574,-0.688690,-0.168465,1.238758,0.167671,0.031094,-0.460882,-0.746715,-0.355970,-0.049057,-0.566564,0.998637,-0.080987,-0.571798,-0.152953,1.307920,0.180505,0.028309,-0.377136,-0.839637,-0.367016,0.042160,-0.475869
1788378667.977802,0.000333,-0.007497,0.004795,0.017499,0.252693,0.081544,-0.011146,-0.022834,-0.999677,0.000000,0.000000,0.000000,0.199769,-0.106907,-0.156212,-0.071471,0.262229,0.197971,0.003555,-0.081473,-0.114672,-0.093556,-0.025109,-0.095569,0.174533,-0.414516,-0.021817,0.829031,-0.327249,-0.698132,0.065450,-1.810779,2.378011,-0.392699,-0.894481,-0.959931,0.831029,-0.191624,-0.604757,-0.537173,1.183811,0.639928,0.012091,-0.638342,-0.635741,-0.257911,-0.079159,-0.570173,0.869976,-0.210146,-0.638042,-0.540445,1.205824,0.667202,-0.033812,-0.680349,-0.632360,-0.255374,-0.087230,-0.568249
1788378667.997716,-0.001139,-0.006815,0.004200,0.231617,-0.013889,0.004712,-0.012065,-0.020096,-0.999725,0.000000,0.000000,0.000000,0.206958,-0.101755,-0.138527,-0.060026,0.277148,0.164643,0.001785,-0.100284,-0.134209,-0.091345,-0.005761,-0.109843,0.850848,0.632682,0.458149,0.523599,1.090831,-3.097960,0.218166,-0.807215,-4.319690,-0.000000,0.981748,-0.370883,0.500426,-0.855262,-0.602398,0.212170,0.428432,1.289054,0.006324,0.166406,-0.404202,-0.638721,-0.138042,0.110964,0.419293,-0.861524,-0.637637,0.253841,0.331517,1.339901,0.021919,0.283478,-0.375205,-0.621260,-0.096959,0.162055
1788378668.017670,-0.001579,-0.006140,0.003169,0.763317,-0.124943,-0.072786,-0.009351,-0.005030,-0.999944,0.000000,0.000000,0.000000,0.213091,-0.093820,-0.141358,-0.080250,0.294291,0.159606,0.004624,-0.117288,-0.159931,-0.075664,-0.013770,-0.124599,0.305433,0.392699,-0.283616,-0.959931,0.327249,0.109083,0.043633,-0.327249,0.959931,0.719948,-0.349066,-0.501782,0.778304,-0.341086,-0.554888,-0.508602,1.255331,0.989951,-0.072952,-0.668301,-0.583067,-0.206962,0.030560,-0.604796,0.809268,-0.334826,-0.537708,-0.575627,1.270659,1.085626,-0.106677,-0.702488,-0.617331,-0.197829,0.044553,-0.627398
1788378668.037886,-0.001250,-0.004890,-0.000263,0.106182,0.018335,-0.172788,-0.009722,-0.002871,-0.999949,0.000000,0.000000,0.000000,0.205463,-0.104063,-0.150038,-0.066096,0.277391,0.198233,0.000132,-0.080237,-0.127165,-0.119505,-0.020479,-0.060013,-1.352630,-2.312561,-0.479966,0.785398,-2.508911,3.272493,-0.196350,2.290745,2.814343,-2.748894,-0.414516,5.846854,0.833738,-0.316204,-0.897990,-0.027433,0.989780,0.306916,0.044089,-0.606314,-0.347190,-0.438930,-0.147672,-0.473630,0.833270,-0.335836,-0.890430,0.020149,0.949987,0.337399,0.004235,-0.574727,-0.329194,-0.508166,-0.142007,-0.415785
1788378668.057682,0.000297,-0.004594,-0.002073,-1.311418,0.050027,0.139468,-0.010487,-0.026799,-0.999586,0.000000,0.000000,0.000000,0.207798,-0.103078,-0.154333,-0.109547,0.276287,0.233974,-0.001965,-0.073354,-0.130489,-0.089466,-0.000419,-0.041532,0.610865,1.178097,0.305433,-1.265364,0.305433,1.548980,-0.021817,2.007129,-2.356195,3.185226,0.916298,-2.399827,0.998637,-0.080987,-0.571798,-0.152953,1.307920,0.180505,0.028309,-0.377136,-0.839637,-0.367016,0.042160,-0.475869,1.022038,-0.088182,-0.532588,-0.175737,1.351965,0.195609,0.015697,-0.352671,-0.872101,-0.376281,0.069057,-0.428884
1788378668.077750,0.000558,-0.004282,-0.000593,0.121629,0.177459,0.028014,-0.013390,-0.024329,-0.999614,0.000000,0.000000,0.000000,0.204419,-0.107583,-0.154813,-0.075262,0.267656,0.215574,-0.002723,-0.078225,-0.115995,-0.097977,-0.020913,-0.082645,0.000000,-0.436332,-0.021817,1.112648,-0.676315,-0.959931,0.043633,-1.679879,2.792527,-1.265364,-1.047198,-0.872664,0.869976,-0.210146,-0.638042,-0.540445,1.205824,0.667202,-0.033812,-0.680349,-0.632360,-0.255374,-0.087230,-0.568249,0.893639,-0.242340,-0.668540,-0.526442,1.228682,0.700669,-0.056902,-0.721627,-0.588925,-0.250065,-0.091186,-0.559137
1788378668.097780,-0.000072,-0.003435,0.000258,0.152655,-0.114157,-0.006207,-0.011442,-0.021766,-0.999698,0.000000,0.000000,0.000000,0.213285,-0.101322,-0.134423,-0.065638,0.280255,0.181199,-0.005300,-0.095542,-0.132352,-0.094301,-0.000991,-0.098130,0.872665,0.589049,0.567232,0.567232,1.069014,-3.752458,-0.043633,-0.785398,-4.537856,0.283616,1.156281,-0.414515,0.419293,-0.861524,-0.637637,0.253841,0.331517,1.339901,0.021919,0.283478,-0.375205,-0.621260,-0.096959,0.162055,0.329794,-0.854885,-0.661874,0.289785,0.268231,1.385396,0.049125,0.396481,-0.357486,-0.610495,-0.045810,0.196883
1788378668.117714,-0.001118,-0.000214,-0.000377,0.911656,-0.164358,-0.019922,-0.007705,-0.003907,-0.999963,0.000000,0.000000,0.000000,0.218812,-0.095644,-0.138975,-0.083070,0.299036,0.173686,-0.000105,-0.116538,-0.161597,-0.075751,-0.011673,-0.119169,0.196350,0.000000,-0.414516,-0.698132,0.392699,-0.370883,0.065450,-0.501782,1.614430,0.829032,-0.545415,-0.719948,0.809268,-0.334826,-0.537708,-0.575627,1.270659,1.085626,-0.106677,-0.702488,-0.617331,-0.197829,0.044553,-0.627398,0.832100,-0.318158,-0.515267,-0.646036,1.249329,1.177002,-0.131661,-0.724831,-0.647742,-0.195550,0.047544,-0.624659
1788378668.137701,-0.001177,0.001335,-0.002104,0.126955,-0.084330,-0.158141,-0.006017,-0.001433,-0.999981,0.000000,0.000000,0.000000,0.208136,-0.107485,-0.149520,-0.064373,0.281073,0.203818,-0.002829,-0.085730,-0.122294,-0.117787,-0.012816,-0.054377,-1.810779,-2.159845,-0.654499,0.916298,-2.334378,3.316126,-0.152716,2.290745,2.748894,-2.639811,0.021817,5.912303,0.833270,-0.335836,-0.890430,0.020149,0.949987,0.337399,0.004235,-0.574727,-0.329194,-0.508166,-0.142007,-0.415785,0.859151,-0.358226,-0.885537,0.014311,0.944560,0.374634,-0.025679,-0.542750,-0.320955,-0.560283,-0.120608,-0.361099
1788378668.158082,-0.000038,0.001039,-0.002429,-1.167874,0.019667,0.129614,-0.006544,-0.024363,-0.999682,0.000000,0.000000,0.000000,0.209726,-0.104796,-0.154726,-0.111278,0.279777,0.245894,-0.003413,-0.082411,-0.127860,-0.088269,0.003716,-0.033043,0.719949,1.330814,0.218166,-1.570796,0.239983,1.963495,-0.043633,2.159845,-2.814344,3.119776,0.698132,-2.378011,1.022038,-0.088182,-0.532588,-0.175737,1.351965,0.195609,0.015697,-0.352671,-0.872101,-0.376281,0.069057,-0.428884,1.037541,-0.092865,-0.522445,-0.209394,1.426271,0.197857,-0.009193,-0.350101,-0.854257,-0.367466,0.091898,-0.421455
1788378668.177793,0.002068,0.001242,-0.000409,0.116702,0.107951,0.000451,-0.008101,-0.021916,-0.999727,0.000000,0.000000,0.000000,0.206333,-0.104251,-0.153845,-0.098919,0.279229,0.252553,-0.007386,-0.069517,-0.142450,-0.078896,-0.003928,-0.061262,-0.414516,-0.283616,-0.501782,3.185226,0.305433,-0.589049,-0.130900,0.109083,-0.567232,-0.370882,-1.876229,-1.810779,0.893639,-0.242340,-0.668540,-0.526442,1.228682,0.700669,-0.056902,-0.721627,-0.588925,-0.250065,-0.091186,-0.559137,0.922317,-0.267191,-0.618533,-0.545194,1.311257,0.731976,-0.134707,-0.675817,-0.584372,-0.250903,0.000443,-0.468626
1788378668.198192,0.001333,0.002885,-0.000272,0.032413,-0.163692,-0.055609,-0.004553,-0.021446,-0.999760,0.000000,0.000000,0.000000,0.216549,-0.101216,-0.134265,-0.071927,0.282256,0.199637,-0.012221,-0.099502,-0.129439,-0.095695,0.003492,-0.092485,1.003564,0.589049,0.785398,0.414516,1.548980,-4.101524,-0.021817,-0.501782,-4.297874,0.414516,1.243547,-0.676315,0.329794,-0.854885,-0.661874,0.289785,0.268231,1.385396,0.049125,0.396481,-0.357486,-0.610495,-0.045810,0.196883,0.239209,-0.858278,-0.666727,0.340549,0.222816,1.378927,0.089030,0.499030,-0.354493,-0.598157,0.001380,0.214969
1788378668.218338,0.000991,0.003973,-0.000509,0.955997,-0.188326,-0.003411,-0.000273,-0.002601,-0.999997,0.000000,0.000000,0.000000,0.224785,-0.098208,-0.134028,-0.087613,0.307324,0.186433,-0.009764,-0.114681,-0.158968,-0.075871,0.002906,-0.104053,0.370883,-0.305433,-0.349066,-0.632682,0.763582,-0.632682,-0.065450,-0.239983,1.527163,0.894481,-0.043633,-0.305432,0.832100,-0.318158,-0.515267,-0.646036,1.249329,1.177002,-0.131661,-0.724831,-0.647742,-0.195550,0.047544,-0.624659,0.849565,-0.337870,-0.517450,-0.688043,1.235458,1.239359,-0.160184,-0.733141,-0.666642,-0.203766,0.072828,-0.582873
