timestamp,gx,gy,gz,ax,ay,az,madgwick_qw,madgwick_qx,madgwick_qy,madgwick_qz,kalman_qw,kalman_qx,kalman_qy,kalman_qz,madgwick_roll_deg,madgwick_pitch_deg,madgwick_yaw_deg,kalman_roll_deg,kalman_pitch_deg,kalman_yaw_deg,robot_accel_x,robot_accel_y,robot_accel_z,kalman_converged,kalman_P_change,convergence_counter
1786467586.380141,0.000134,0.000300,-0.000583,-0.114014,0.017090,-0.992676,1.000000,0.000050,0.000328,-0.000003,0.999952,0.009117,0.003560,-0.000003,0.005682,0.037569,-0.000332,1.044720,0.407971,0.003365,-0.114043,0.017103,8.817324,0,0.087903733,0
1786467586.400221,0.000800,0.000966,-0.000450,-0.113525,0.016602,-0.993408,1.000000,0.000101,0.000659,-0.000005,0.999740,0.021992,0.006019,-0.000008,0.011613,0.075540,-0.000585,2.520409,0.689539,0.014266,-0.183568,0.195617,8.814708,0,0.031064813,0
1786467586.420333,0.000533,0.000566,-0.000717,-0.113525,0.017090,-0.992920,0.999999,0.000153,0.000988,-0.000009,0.999186,0.039579,0.007767,-0.000015,0.017548,0.113258,-0.000986,4.537026,0.889397,0.033455,-0.231701,0.448559,8.806874,0,0.016770796,0
1786467586.439835,0.000400,0.000566,-0.000450,-0.113525,0.016602,-0.993408,0.999999,0.000203,0.001318,-0.000011,0.998001,0.062593,0.008759,-0.000020,0.023254,0.150999,-0.001231,7.178103,1.001879,0.060516,-0.265914,0.792586,8.784666,0,0.011016832,0
1786467586.459799,0.000533,0.000833,-0.000583,-0.113525,0.016602,-0.992676,0.999999,0.000253,0.001648,-0.000014,0.995687,0.092371,0.008702,-0.000026,0.029037,0.188892,-0.001549,10.601279,0.993208,0.089135,-0.285231,1.242315,8.738935,0,0.008189053,0
1786467586.479611,0.000400,0.000833,-0.000450,-0.113281,0.017578,-0.992676,0.999998,0.000306,0.001979,-0.000016,0.991423,0.130507,0.006965,-0.000030,0.035062,0.226737,-0.001785,14.998875,0.791810,0.100712,-0.283501,1.822160,8.648414,0,0.006583625,0
1786467586.499645,0.000666,0.000034,-0.000317,-0.113525,0.017578,-0.993164,0.999997,0.000360,0.002305,-0.000018,0.983950,0.178427,0.002469,-0.000034,0.041229,0.264126,-0.001942,20.556500,0.279066,0.046632,-0.249115,2.556290,8.481679,0,0.005611262,0
1786467586.519961,0.000400,0.000433,-0.000583,-0.113770,0.017334,-0.992920,0.999996,0.000412,0.002633,-0.000021,0.971397,0.237372,-0.006463,-0.000039,0.047158,0.301757,-0.002248,27.464636,-0.718416,-0.180212,-0.161672,3.461961,8.192305,0,0.004994292,0
1786467586.539604,0.000533,0.000566,-0.000583,-0.113281,0.016602,-0.993408,0.999996,0.000462,0.002963,-0.000024,0.951398,0.307161,-0.022208,-0.000043,0.052960,0.339495,-0.002551,35.802234,-2.420380,-0.787145,0.009572,4.540721,7.710232,0,0.004545180,0
1786467586.559746,0.000400,0.000167,-0.000450,-0.113037,0.016846,-0.992920,0.999994,0.000513,0.003290,-0.000026,0.921258,0.386014,-0.047723,-0.000046,0.058775,0.376990,-0.002774,45.561637,-5.042555,-2.124571,0.301171,5.750539,6.956250,0,0.004257041,0
1786467586.579973,0.000400,0.000433,-0.000717,-0.113281,0.017090,-0.993408,0.999993,0.000564,0.003618,-0.000029,0.879146,0.468744,-0.085917,-0.000049,0.064652,0.414628,-0.003145,56.486950,-8.686083,-4.678649,0.748814,6.994428,5.848349,0,0.004056473,0
1786467586.599594,0.000400,0.001232,-0.000717,-0.112793,0.017090,-0.993164,0.999992,0.000616,0.003951,-0.000033,0.825764,0.546800,-0.138287,-0.000046,0.070553,0.452721,-0.003512,68.059546,-13.199032,-8.940663,1.368478,8.102529,4.361051,0,0.003884703,0
1786467586.619612,0.000134,0.001099,-0.000184,-0.113281,0.017334,-0.992676,0.999991,0.000666,0.004282,-0.000034,0.764508,0.611455,-0.204084,-0.000037,0.076356,0.490729,-0.003569,79.757040,-18.179930,-15.233250,2.126569,8.876456,2.575955,0,0.003777361,0
1786467586.639584,0.000533,0.000433,-0.000450,-0.113281,0.016846,-0.993408,0.999989,0.000718,0.004611,-0.000036,0.700955,0.655989,-0.279895,-0.000033,0.082239,0.528377,-0.003777,91.079232,-23.100457,-23.532952,2.947363,9.188648,0.663881,0,0.003696437,0
1786467586.659644,0.000666,0.000566,-0.000583,-0.113037,0.017822,-0.993408,0.999988,0.000772,0.004940,-0.000039,0.640236,0.678200,-0.360753,-0.000027,0.088502,0.566055,-0.004054,101.722260,-27.509588,-33.486721,3.735759,9.039682,-1.163441,0,0.003640435,0
1786467586.679582,0.000134,0.000566,-0.000583,-0.113037,0.016846,-0.993408,0.999986,0.000822,0.005269,-0.000042,0.585799,0.679485,-0.441747,-0.000023,0.094171,0.603777,-0.004331,111.505360,-31.165971,-44.556218,4.418094,8.536247,-2.761105,0,0.003593554,0
1786467586.699674,0.000666,0.000966,-0.000583,-0.113525,0.017334,-0.992676,0.999984,0.000875,0.005600,-0.000045,0.538716,0.663669,-0.518969,-0.000014,0.100267,0.641710,-0.004602,120.402413,-33.996021,-56.189162,4.963304,7.827120,-4.069875,0,0.003565194,0
1786467586.719608,0.000134,0.000833,-0.000583,-0.113770,0.017334,-0.994141,0.999982,0.000926,0.005930,-0.000048,0.498897,0.634998,-0.589812,-0.000009,0.106049,0.679567,-0.004870,128.400604,-36.050649,-67.894907,5.371335,7.032244,-5.110057,0,0.003537182,0
1786467586.739587,0.000800,0.000566,-0.000717,-0.113281,0.017090,-0.993652,0.999980,0.000979,0.006259,-0.000052,0.465470,0.597496,-0.652944,-0.000004,0.112161,0.717279,-0.005211,135.532485,-37.434030,-79.307340,5.659873,6.232794,-5.920296,0,0.003518154,0
1786467586.759597,0.000134,0.000566,-0.000184,-0.112793,0.017090,-0.992432,0.999978,0.001029,0.006588,-0.000053,0.437324,0.554602,-0.707929,-0.000000,0.117919,0.754987,-0.005242,141.848105,-38.256938,-90.169875,5.850235,5.473796,-6.551457,0,0.003505207,0
1786467586.779612,0.001199,0.000433,-0.000317,-0.113281,0.017090,-0.993408,0.999975,0.001085,0.006917,-0.000054,0.413330,0.509062,-0.754993,0.000008,0.124266,0.792622,-0.005347,147.412410,-38.618427,-100.324355,5.960986,4.775637,-7.051098,0,0.003495668,0
1786467586.799848,0.000533,0.000966,-0.000583,-0.113037,0.017090,-0.993652,0.999973,0.001137,0.007248,-0.000057,0.392620,0.462851,-0.794744,0.000012,0.130242,0.830560,-0.005599,152.281797,-38.614358,-109.687731,6.009765,4.145235,-7.451656,0,0.003497955,0
1786467586.819843,0.000400,0.001232,-0.000850,-0.113281,0.016357,-0.993652,0.999971,0.001186,0.007581,-0.000061,0.374432,0.417480,-0.827956,0.000014,0.135921,0.868683,-0.006004,156.518668,-38.318911,-118.222513,6.009006,3.581662,-7.779101,0,0.003489371,0
1786467586.839550,0.000666,0.000167,-0.000583,-0.113281,0.016602,-0.993164,0.999968,0.001238,0.007908,-0.000064,0.358168,0.374114,-0.855426,0.000015,0.141824,0.906185,-0.006252,160.178495,-37.791090,-125.911367,5.969280,3.083310,-8.052473,0,0.003470623,0
1786467586.859776,0.000533,0.000966,-0.000850,-0.113770,0.016113,-0.993408,0.999965,0.001288,0.008239,-0.000069,0.343293,0.333229,-0.878128,0.000016,0.147491,0.944167,-0.006651,163.337047,-37.079357,-132.815393,5.897741,2.644892,-8.286375,0,0.003478711,0
1786467586.879596,0.000267,0.000966,-0.000717,-0.113525,0.017334,-0.993896,0.999962,0.001339,0.008570,-0.000072,0.329516,0.295461,-0.896728,0.000015,0.153362,0.982097,-0.006964,166.033946,-36.226733,-138.938411,5.801238,2.261538,-8.491578,0,0.003467379,0
1786467586.899748,0.000533,0.000699,-0.000317,-0.113525,0.017090,-0.993408,0.999959,0.001391,0.008900,-0.000074,0.316506,0.260780,-0.912041,0.000017,0.159322,1.019884,-0.007045,168.338051,-35.263763,-144.368274,5.684105,1.926962,-8.672989,0,0.003473085,0
1786467586.919747,0.000134,0.001365,-0.000317,-0.114014,0.017090,-0.992920,0.999956,0.001441,0.009233,-0.000075,0.304022,0.229295,-0.924659,0.000017,0.165033,1.058054,-0.007122,170.296178,-34.210940,-149.152878,5.549909,1.636200,-8.837317,0,0.003470802,0
1786467586.939743,0.000666,0.001099,-0.000717,-0.112793,0.017090,-0.993408,0.999953,0.001494,0.009565,-0.000079,0.292057,0.200927,-0.935057,0.000019,0.171096,1.096065,-0.007424,171.948252,-33.105876,-153.348428,5.402951,1.384484,-8.989839,0,0.003468984,0
1786467586.959934,0.000400,0.000699,-0.000450,-0.112793,0.017090,-0.992920,0.999950,0.001545,0.009894,-0.000081,0.280356,0.175534,-0.943710,0.000018,0.177010,1.133846,-0.007570,173.341362,-31.948388,-157.018244,5.245415,1.168073,-9.129317,0,0.003475951,0
1786467586.979858,0.000134,0.000833,-0.000450,-0.113281,0.016846,-0.993408,0.999946,0.001595,0.010225,-0.000084,0.268812,0.152956,-0.950970,0.000016,0.182685,1.171716,-0.007714,174.511306,-30.748441,-160.215119,5.077859,0.982073,-9.261207,0,0.003469776,0
1786467586.999901,0.000800,0.000566,-0.000450,-0.113770,0.016602,-0.993164,0.999943,0.001647,0.010554,-0.000086,0.257337,0.132973,-0.957129,0.000018,0.188655,1.209446,-0.007856,175.491824,-29.512593,-162.993134,4.901874,0.822923,-9.385378,0,0.003470204,0
1786467587.019796,0.000267,0.000034,-0.000583,-0.113037,0.017090,-0.993408,0.999939,0.001698,0.010880,-0.000089,0.246007,0.115454,-0.962367,0.000016,0.194483,1.246846,-0.008069,176.304238,-28.261813,-165.387306,4.719512,0.688131,-9.504123,0,0.003464240,0
1786467587.039565,0.000533,0.000566,-0.000184,-0.112793,0.017090,-0.992188,0.999936,0.001750,0.011209,-0.000090,0.234738,0.100129,-0.966888,0.000017,0.200479,1.284548,-0.008047,176.977925,-26.996381,-167.449642,4.532349,0.573975,-9.614753,0,0.003454348,0
1786467587.059978,0.000267,0.001232,-0.000184,-0.113037,0.016357,-0.993652,0.999932,0.001799,0.011542,-0.000091,0.223456,0.086660,-0.970854,0.000016,0.206115,1.322663,-0.008025,177.538279,-25.714608,-169.236405,4.340276,0.477161,-9.722442,0,0.003474393,0
1786467587.079578,0.000933,0.000966,-0.000583,-0.113281,0.016602,-0.993408,0.999928,0.001852,0.011873,-0.000094,0.212159,0.075025,-0.974351,0.000020,0.212184,1.360617,-0.008227,177.998796,-24.420998,-170.760752,4.143331,0.396118,-9.823658,0,0.003454798,0
1786467587.099581,0.000666,0.000566,-0.000583,-0.113525,0.017822,-0.993164,0.999924,0.001907,0.012202,-0.000097,0.200808,0.065086,-0.977466,0.000020,0.218418,1.398293,-0.008419,178.373820,-23.114472,-172.048430,3.942401,0.329672,-9.919995,0,0.003457222,0
1786467587.119783,0.000666,0.000433,-0.000450,-0.113281,0.017090,-0.993408,0.999920,0.001960,0.012530,-0.000099,0.189442,0.056430,-0.980269,0.000021,0.224471,1.435921,-0.008536,178.683020,-21.802651,-173.157080,3.737902,0.273047,-10.012221,0,0.003467489,0
1786467587.140406,0.000400,0.000433,-0.000583,-0.113525,0.017578,-0.993408,0.999915,0.002012,0.012858,-0.000102,0.177987,0.049030,-0.982811,0.000019,0.230490,1.473531,-0.008722,178.934776,-20.478548,-174.095666,3.530093,0.226888,-10.099249,0,0.003493278,0
1786467587.159751,0.001066,0.000699,-0.000317,-0.113281,0.017578,-0.992920,0.999911,0.002068,0.013188,-0.000104,0.166559,0.042720,-0.985106,0.000023,0.236905,1.511290,-0.008751,179.139565,-19.156984,-174.888534,3.318936,0.188258,-10.181328,0,0.003458120,0
1786467587.179731,0.000800,0.000433,-0.000583,-0.113525,0.017578,-0.992676,0.999906,0.002123,0.013516,-0.000107,0.155063,0.037338,-0.987199,0.000024,0.243156,1.548898,-0.008929,179.305924,-17.827798,-175.559137,3.105779,0.156625,-10.258357,0,0.003458759,0
1786467587.200153,0.000800,0.000300,-0.000583,-0.113770,0.016602,-0.993652,0.999902,0.002175,0.013844,-0.000110,0.143491,0.032644,-0.989113,0.000025,0.249145,1.586469,-0.009111,179.443142,-16.490653,-176.138758,2.889689,0.129613,-10.331884,0,0.003478050,0
1786467587.219748,0.001066,0.000300,-0.000450,-0.113037,0.016846,-0.992676,0.999897,0.002230,0.014172,-0.000112,0.131969,0.028699,-0.990838,0.000028,0.255383,1.624026,-0.009210,179.553579,-15.160378,-176.622395,2.671673,0.108094,-10.398693,0,0.003457351,0
1786467587.239752,0.000267,0.000433,-0.000450,-0.113770,0.017334,-0.993408,0.999892,0.002281,0.014500,-0.000114,0.120346,0.025413,-0.992407,0.000024,0.261263,1.661643,-0.009303,179.641861,-13.819630,-177.022891,2.451841,0.091080,-10.461687,0,0.003459175,0
1786467587.259855,0.000800,0.000833,-0.000583,-0.113281,0.016602,-0.992920,0.999887,0.002333,0.014830,-0.000117,0.108730,0.022561,-0.993815,0.000025,0.267276,1.699514,-0.009471,179.714974,-12.480993,-177.367853,2.230155,0.076020,-10.518720,0,0.003464776,0
1786467587.279598,0.000134,0.000566,-0.000184,-0.113037,0.017090,-0.992676,0.999882,0.002384,0.015159,-0.000118,0.097115,0.020213,-0.995068,0.000021,0.273052,1.737211,-0.009404,179.773132,-11.143793,-177.650474,2.007165,0.064720,-10.570701,0,0.003453691,0
1786467587.299603,0.000400,0.000966,-0.000184,-0.113281,0.017578,-0.992920,0.999877,0.002437,0.015490,-0.000119,0.085449,0.018289,-0.996175,0.000020,0.279095,1.775119,-0.009329,179.820529,-9.802022,-177.881034,1.782903,0.055619,-10.617843,0,0.003456464,0
1786467587.319554,0.000400,0.000566,-0.000317,-0.113281,0.016357,-0.992920,0.999872,0.002487,0.015819,-0.000121,0.073752,0.016546,-0.997139,0.000019,0.284827,1.812845,-0.009336,179.860767,-8.457874,-178.088415,1.556924,0.046571,-10.659646,0,0.003456214,0
1786467587.339742,0.000533,0.000966,-0.000450,-0.113037,0.016846,-0.992920,0.999866,0.002538,0.016150,-0.000123,0.062047,0.015137,-0.997958,0.000019,0.290766,1.850780,-0.009411,179.893708,-7.113854,-178.255428,1.330029,0.040334,-10.696172,0,0.003466197,0
1786467587.359561,0.000134,0.000833,-0.000317,-0.113281,0.017090,-0.993408,0.999861,0.002589,0.016480,-0.000125,0.050310,0.013981,-0.998636,0.000016,0.296532,1.888629,-0.009405,179.920815,-5.767029,-178.391780,1.101764,0.035130,-10.727854,0,0.003457965,0
1786467587.379766,0.000666,0.000699,-0.000317,-0.113037,0.017334,-0.993896,0.999855,0.002642,0.016810,-0.000126,0.038571,0.013036,-0.999171,0.000018,0.302673,1.926391,-0.009392,179.944265,-4.420674,-178.502923,0.872847,0.030698,-10.754222,0,0.003468221,0
1786467587.399569,0.000267,0.000833,-0.000450,-0.113281,0.016846,-0.992920,0.999849,0.002693,0.017140,-0.000129,0.026792,0.012194,-0.999567,0.000016,0.308454,1.964250,-0.009457,179.964368,-3.070325,-178.601179,0.643023,0.026315,-10.773718,0,0.003458797,0
1786467587.419589,0.000800,0.000433,-0.000850,-0.113281,0.017090,-0.992676,0.999844,0.002746,0.017468,-0.000133,0.014990,0.011516,-0.999821,0.000019,0.314593,2.001871,-0.009745,179.982392,-1.717749,-178.679917,0.412244,0.023034,-10.788587,0,0.003460956,0
1786467587.439574,0.000400,0.000433,-0.000450,-0.112549,0.017334,-0.993164,0.999838,0.002799,0.017797,-0.000135,0.003259,0.010966,-0.999935,0.000018,0.320600,2.039476,-0.009798,179.997994,-0.373461,-178.743329,0.181599,0.020272,-10.798753,0,0.003461105,0
1786467587.459609,0.000267,0.000699,-0.000450,-0.113281,0.017090,-0.993164,0.999832,0.002850,0.018126,-0.000138,-0.008556,0.010475,-0.999909,0.000017,0.326445,2.077247,-0.009849,-179.987825,0.980327,-178.799469,-0.049201,0.017381,-10.802955,0,0.003463329,0
1786467587.479572,0.000800,0.000433,-0.000450,-0.113037,0.017090,-0.992920,0.999825,0.002904,0.018454,-0.000140,-0.020353,0.010058,-0.999742,0.000020,0.332604,2.114864,-0.009896,-179.974281,2.332354,-178.846612,-0.280792,0.014847,-10.801485,0,0.003461917,0
1786467587.499694,0.000400,0.000566,-0.000717,-0.113037,0.016846,-0.993652,0.999819,0.002955,0.018783,-0.000144,-0.032150,0.009679,-0.999436,0.000019,0.338471,2.152566,-0.010095,-179.962109,3.684611,-178.889097,-0.512153,0.012361,-10.795529,0,0.003467686,0
1786467587.519684,0.000267,0.001099,-0.000317,-0.112793,0.016846,-0.992920,0.999813,0.003006,0.019115,-0.000145,-0.043923,0.009354,-0.998991,0.000017,0.344279,2.190570,-0.010058,-179.950765,5.034556,-178.924923,-0.743010,0.010315,-10.782653,0,0.003466377,0
1786467587.539597,0.000666,0.000833,-0.000583,-0.113281,0.017090,-0.993408,0.999806,0.003059,0.019445,-0.000148,-0.055733,0.009101,-0.998404,0.000019,0.350353,2.228416,-0.010170,-179.939311,6.389561,-178.952035,-0.974011,0.008553,-10.765571,0,0.003462090,0
1786467587.559581,0.000800,0.000833,-0.000184,-0.112793,0.016357,-0.993408,0.999800,0.003111,0.019775,-0.000149,-0.067486,0.008801,-0.997681,0.000022,0.356353,2.266284,-0.010055,-179.928823,7.738856,-178.984335,-1.204364,0.005871,-10.742483,0,0.003461903,0
1786467587.579574,0.000800,0.000300,-0.000184,-0.113525,0.017090,-0.992676,0.999793,0.003165,0.020103,-0.000150,-0.079318,0.008622,-0.996812,0.000024,0.362505,2.303823,-0.009932,-179.917910,9.098409,-179.002279,-1.434464,0.004854,-10.713328,0,0.003462151,0
1786467587.599572,0.000001,0.000966,-0.000583,-0.112793,0.017090,-0.992676,0.999786,0.003214,0.020434,-0.000153,-0.091056,0.008467,-0.995810,0.000019,0.368219,2.341741,-0.010031,-179.907949,10.448348,-179.017241,-1.663867,0.003193,-10.679268,0,0.003462563,0
1786467587.619548,0.000666,0.001099,-0.000717,-0.113281,0.016602,-0.992676,0.999779,0.003266,0.020765,-0.000157,-0.102827,0.008276,-0.994665,0.000021,0.374176,2.379755,-0.010207,-179.897941,11.803498,-179.036033,-1.892103,0.000948,-10.640040,0,0.003461897,0
1786467587.639593,0.000533,0.001099,-0.000450,-0.113281,0.016846,-0.992920,0.999772,0.003318,0.021097,-0.000159,-0.114578,0.008131,-0.993381,0.000021,0.380123,2.417759,-0.010224,-179.887877,13.158158,-179.049082,-2.119762,-0.000380,-10.595515,0,0.003464352,0
1786467587.659551,0.000533,0.001232,-0.000583,-0.113037,0.017090,-0.993408,0.999765,0.003371,0.021429,-0.000162,-0.126274,0.008027,-0.991963,0.000022,0.386133,2.455829,-0.010311,-179.877491,14.508182,-179.057169,-2.345948,-0.001731,-10.545887,0,0.003462499,0
1786467587.679995,0.000400,0.001099,-0.000184,-0.113525,0.016602,-0.992920,0.999757,0.003421,0.021761,-0.000163,-0.138026,0.007875,-0.990397,0.000021,0.391946,2.493841,-0.010171,-179.868085,15.866785,-179.070490,-2.570896,-0.003792,-10.490131,0,0.003481832,0
1786467587.699626,0.000533,0.000833,-0.000450,-0.113770,0.017090,-0.993408,0.999750,0.003474,0.022091,-0.000165,-0.149748,0.007793,-0.988693,0.000021,0.397935,2.531685,-0.010176,-179.857515,17.224115,-179.075244,-2.795685,-0.004758,-10.429665,0,0.003461737,0
1786467587.719644,0.000400,0.001365,-0.000450,-0.113525,0.017334,-0.993408,0.999742,0.003526,0.022424,-0.000168,-0.161411,0.007738,-0.986857,0.000020,0.403914,2.569823,-0.010172,-179.846572,18.576996,-179.076351,-3.018108,-0.006069,-10.363517,0,0.003463092,0
1786467587.739709,0.000400,0.000699,-0.000450,-0.112549,0.017334,-0.992920,0.999735,0.003578,0.022753,-0.000170,-0.172957,0.007681,-0.984899,0.000020,0.409928,2.607575,-0.010166,-179.835686,19.918885,-179.077447,-3.237676,-0.007670,-10.291794,0,0.003466096,0
1786467587.759613,0.000533,0.000833,-0.000717,-0.113281,0.017578,-0.992676,0.999727,0.003632,0.023083,-0.000174,-0.184537,0.007649,-0.982796,0.000021,0.416042,2.645398,-0.010306,-179.823903,21.267606,-179.075116,-3.455291,-0.009018,-10.215818,0,0.003461529,0
1786467587.779576,0.000533,0.001099,-0.000717,-0.112793,0.017090,-0.992676,0.999719,0.003684,0.023414,-0.000177,-0.196026,0.007557,-0.980570,0.000022,0.422063,2.683388,-0.010446,-179.813459,22.608552,-179.079616,-3.670918,-0.011156,-10.134614,0,0.003460549,0
1786467587.799610,0.000134,0.000833,-0.000717,-0.113281,0.016357,-0.993164,0.999711,0.003733,0.023745,-0.000181,-0.207522,0.007395,-0.978202,0.000020,0.427670,2.721253,-0.010592,-179.805164,23.953599,-179.092358,-3.884418,-0.013206,-10.049308,0,0.003462902,0
1786467587.819579,0.000001,0.001099,-0.000717,-0.113525,0.017090,-0.993408,0.999703,0.003783,0.024076,-0.000185,-0.218992,0.007336,-0.975699,0.000017,0.433360,2.759246,-0.010725,-179.794313,25.298903,-179.092317,-4.096155,-0.013453,-9.958553,0,0.003461879,0
1786467587.839604,0.000400,0.000433,-0.000450,-0.113281,0.017090,-0.992920,0.999695,0.003835,0.024404,-0.000187,-0.230405,0.007274,-0.973068,0.000017,0.439293,2.796855,-0.010704,-179.782982,26.640985,-179.091997,-4.305415,-0.014858,-9.862029,0,0.003463483,0
1786467587.859611,0.000800,0.000699,-0.000717,-0.113281,0.016846,-0.992676,0.999686,0.003888,0.024734,-0.000191,-0.241768,0.007189,-0.970307,0.000021,0.445394,2.834625,-0.010834,-179.771798,27.981028,-179.094155,-4.511948,-0.016570,-9.761183,0,0.003463927,0
1786467587.879594,0.000533,0.000433,-0.000450,-0.113281,0.016846,-0.993408,0.999678,0.003940,0.025062,-0.000193,-0.253073,0.007108,-0.967421,0.000022,0.451351,2.872241,-0.010808,-179.760793,29.318021,-179.095444,-4.715854,-0.017793,-9.656619,0,0.003463237,0
1786467587.899607,0.000533,0.000966,-0.000717,-0.113525,0.016846,-0.992920,0.999670,0.003992,0.025393,-0.000197,-0.264349,0.007037,-0.964401,0.000023,0.457294,2.910164,-0.010929,-179.749240,30.655631,-179.095093,-4.916892,-0.019025,-9.546427,0,0.003464026,0
1786467587.919626,0.000134,0.000566,-0.000184,-0.112793,0.016846,-0.993652,0.999661,0.004042,0.025721,-0.000198,-0.275491,0.006968,-0.961278,0.000020,0.463049,2.947852,-0.010742,-179.738097,31.981646,-179.094300,-5.114590,-0.020129,-9.432655,0,0.003464830,0
1786467587.939613,0.000267,0.000833,-0.000983,-0.113281,0.017090,-0.992920,0.999652,0.004093,0.026051,-0.000203,-0.286627,0.006936,-0.958017,0.000020,0.468894,2.985690,-0.011006,-179.724764,33.311284,-179.087986,-5.308984,-0.021092,-9.313936,0,0.003464102,0
1786467587.959612,0.000533,0.000433,-0.000583,-0.112549,0.017334,-0.993164,0.999643,0.004146,0.026379,-0.000206,-0.297630,0.006922,-0.954656,0.000021,0.474984,3.023284,-0.011034,-179.710251,34.629612,-179.078784,-5.500006,-0.022199,-9.191325,0,0.003464061,0
1786467587.979667,0.000666,0.000566,-0.000717,-0.113281,0.017334,-0.994141,0.999634,0.004200,0.026708,-0.000209,-0.308632,0.006898,-0.951157,0.000024,0.481122,3.060958,-0.011136,-179.695444,35.952453,-179.070192,-5.687909,-0.023675,-9.066188,0,0.003466415,0
1786467587.999865,0.000800,0.000300,-0.000317,-0.113037,0.016846,-0.993652,0.999625,0.004253,0.027036,-0.000211,-0.319559,0.006814,-0.947542,0.000026,0.487250,3.098493,-0.011011,-179.682920,37.271406,-179.069050,-5.872574,-0.025531,-8.934813,0,0.003474298,0
1786467588.020103,0.000267,0.000433,-0.000450,-0.113525,0.017334,-0.993164,0.999616,0.004305,0.027363,-0.000213,-0.330478,0.006796,-0.943789,0.000024,0.493162,3.136090,-0.010953,-179.667425,38.594384,-179.058454,-6.054307,-0.025964,-8.799657,0,0.003481975,0
1786467588.039971,0.001332,0.000966,-0.000717,-0.113281,0.017578,-0.992676,0.999607,0.004362,0.027694,-0.000217,-0.341290,0.006795,-0.939933,0.000031,0.499737,3.173983,-0.011038,-179.649184,39.909736,-179.044176,-6.232640,-0.027217,-8.659978,0,0.003471918,0
1786467588.059652,0.000400,0.001099,-0.000184,-0.113037,0.017334,-0.992676,0.999597,0.004414,0.028025,-0.000218,-0.351987,0.006758,-0.935981,0.000028,0.505754,3.211956,-0.010815,-179.633602,41.216413,-179.034841,-6.406774,-0.028822,-8.517491,0,0.003456398,0
1786467588.079656,0.000400,0.000966,-0.000184,-0.113525,0.017578,-0.993652,0.999588,0.004467,0.028356,-0.000219,-0.362647,0.006745,-0.931902,0.000026,0.511807,3.249847,-0.010587,-179.615902,42.524235,-179.021183,-6.577240,-0.029694,-8.372965,0,0.003458437,0
1786467588.099644,0.000267,0.000566,-0.000317,-0.113281,0.016846,-0.992920,0.999578,0.004518,0.028684,-0.000221,-0.373218,0.006651,-0.927720,0.000024,0.517631,3.287532,-0.010442,-179.602212,43.827013,-179.018480,-6.743798,-0.031702,-8.222719,0,0.003459351,0
1786467588.119624,0.000933,0.000566,-0.000583,-0.113281,0.016602,-0.993164,0.999569,0.004572,0.029013,-0.000224,-0.383708,0.006546,-0.923431,0.000028,0.523776,3.325226,-0.010449,-179.587894,45.125602,-179.016476,-6.906462,-0.032745,-8.070335,0,0.003459672,0
1786467588.139745,0.000267,0.000966,-0.000184,-0.113281,0.016357,-0.993164,0.999559,0.004621,0.029344,-0.000225,-0.394119,0.006435,-0.919037,0.000025,0.529502,3.363154,-0.010224,-179.574634,46.420558,-179.015282,-7.065054,-0.033489,-7.914614,0,0.003465913,0
1786467588.159637,0.000134,0.000566,-0.000317,-0.113037,0.016846,-0.993408,0.999549,0.004672,0.029673,-0.000226,-0.404420,0.006399,-0.914551,0.000022,0.535260,3.400836,-0.010068,-179.555892,47.707969,-179.001869,-7.219513,-0.033423,-7.755920,0,0.003460861,0
1786467588.179772,0.000134,0.000300,-0.000583,-0.113281,0.016602,-0.992920,0.999539,0.004721,0.030000,-0.000229,-0.414672,0.006341,-0.909949,0.000020,0.540949,3.438375,-0.010065,-179.537470,48.995748,-178.990655,-7.369940,-0.034668,-7.594009,0,0.003467425,0
1786467588.199634,0.000400,0.000167,-0.000717,-0.112549,0.017090,-0.992920,0.999529,0.004773,0.030327,-0.000233,-0.424766,0.006344,-0.905281,0.000022,0.546913,3.475820,-0.010128,-179.513384,50.269949,-178.968723,-7.515750,-0.035026,-7.429223,0,0.003460703,0
1786467588.219588,0.000267,0.000433,-0.000583,-0.113281,0.017578,-0.993164,0.999518,0.004825,0.030655,-0.000236,-0.434831,0.006388,-0.900490,0.000021,0.552887,3.513403,-0.010104,-179.484624,51.547214,-178.938309,-7.657748,-0.035796,-7.263273,0,0.003459594,0
1786467588.239592,0.000400,0.000833,-0.000583,-0.112793,0.017090,-0.993652,0.999508,0.004877,0.030985,-0.000239,-0.444755,0.006358,-0.895630,0.000022,0.558850,3.551228,-0.010080,-179.460091,52.813387,-178.918428,-7.795106,-0.037922,-7.094073,0,0.003460860,0
1786467588.259639,0.000533,0.000433,-0.000317,-0.113525,0.017090,-0.992920,0.999497,0.004930,0.031312,-0.000241,-0.454666,0.006328,-0.890639,0.000023,0.564876,3.588826,-0.009902,-179.433934,54.084896,-178.896863,-7.928818,-0.038895,-6.922015,0,0.003463646,0
1786467588.279639,0.000533,0.000566,-0.000317,-0.113281,0.017090,-0.993896,0.999487,0.004982,0.031641,-0.000242,-0.464452,0.006298,-0.885576,0.000023,0.570911,3.626499,-0.009720,-179.406322,55.347339,-178.873764,-8.058207,-0.039873,-6.748112,0,0.003463749,0
1786467588.299631,0.000533,0.000167,-0.000583,-0.113281,0.017090,-0.993408,0.999476,0.005035,0.031968,-0.000245,-0.474150,0.006271,-0.880422,0.000025,0.576938,3.663943,-0.009689,-179.376345,56.605820,-178.847943,-8.183106,-0.040860,-6.571102,0,0.003463496,0
1786467588.319570,0.000800,0.000300,-0.000583,-0.113525,0.016602,-0.993408,0.999465,0.005088,0.032295,-0.000249,-0.483769,0.006192,-0.875174,0.000028,0.583009,3.701480,-0.009660,-179.349450,57.861450,-178.829696,-8.303898,-0.042350,-6.392520,0,0.003461075,0
1786467588.339622,0.000533,0.000699,-0.000583,-0.113525,0.016357,-0.993408,0.999454,0.005139,0.032624,-0.000252,-0.493290,0.006104,-0.869843,0.000029,0.588880,3.739252,-0.009628,-179.322286,59.111766,-178.811579,-8.420208,-0.043048,-6.211798,0,0.003464010,0
1786467588.359624,0.000666,0.000167,-0.000583,-0.113037,0.017090,-0.993408,0.999443,0.005192,0.032951,-0.000255,-0.502676,0.006113,-0.864453,0.000030,0.594993,3.776694,-0.009585,-179.282054,60.351872,-178.772194,-8.531671,-0.042643,-6.029194,0,0.003464138,0
1786467588.379605,0.000267,0.000833,-0.000317,-0.114014,0.016602,-0.992920,0.999432,0.005242,0.033281,-0.000256,-0.512042,0.006062,-0.858939,0.000028,0.600759,3.814535,-0.009389,-179.246409,61.597139,-178.742010,-8.639604,-0.044284,-5.845413,0,0.003463304,0
1786467588.399650,0.000267,0.000433,-0.000450,-0.113770,0.017578,-0.993408,0.999421,0.005294,0.033609,-0.000259,-0.521286,0.006126,-0.853360,0.000026,0.606727,3.852115,-0.009255,-179.192886,62.834137,-178.684428,-8.742848,-0.043897,-5.659384,0,0.003465410,0
1786467588.419643,0.000800,0.001099,-0.000583,-0.113037,0.017578,-0.993164,0.999410,0.005349,0.033940,-0.000262,-0.530363,0.006164,-0.847748,0.000029,0.613019,3.890074,-0.009188,-179.137181,64.056846,-178.627110,-8.840782,-0.045687,-5.471842,0,0.003464801,0
1786467588.439755,0.000134,0.001099,-0.000450,-0.113037,0.017334,-0.994141,0.999398,0.005400,0.034271,-0.000264,-0.539334,0.006159,-0.842070,0.000027,0.618886,3.928039,-0.009044,-179.083735,65.273229,-178.575027,-8.934373,-0.047383,-5.285520,0,0.003469435,0
1786467588.459637,0.000400,0.001365,-0.000583,-0.113525,0.016602,-0.993652,0.999386,0.005451,0.034604,-0.000267,-0.548236,0.006073,-0.836302,0.000027,0.624738,3.966182,-0.008982,-179.037055,66.488620,-178.536663,-9.023962,-0.049153,-5.096809,0,0.003463053,0
1786467588.479639,0.000400,0.000833,-0.000583,-0.113525,0.017578,-0.992920,0.999374,0.005504,0.034933,-0.000270,-0.557045,0.006114,-0.830460,0.000027,0.630787,4.003989,-0.008905,-178.964557,67.699480,-178.461875,-9.109041,-0.048328,-4.906032,0,0.003463388,0
1786467588.499633,0.000933,0.000966,-0.000717,-0.112549,0.017822,-0.992920,0.999363,0.005560,0.035264,-0.000274,-0.565670,0.006163,-0.824608,0.000032,0.637215,4.041861,-0.008895,-178.882222,68.893514,-178.376924,-9.188749,-0.049647,-4.715033,0,0.003463320,0
1786467588.519563,0.000533,0.000300,-0.000184,-0.113525,0.017578,-0.993652,0.999351,0.005613,0.035591,-0.000275,-0.574263,0.006163,-0.818648,0.000031,0.643359,4.079359,-0.008585,-178.800547,70.091512,-178.296076,-9.265378,-0.051406,-4.525639,0,0.003460539,0
1786467588.539593,0.000800,0.000167,-0.000184,-0.113281,0.016602,-0.993408,0.999339,0.005667,0.035917,-0.000276,-0.582735,0.006053,-0.812640,0.000031,0.649470,4.116809,-0.008285,-178.731369,71.281466,-178.236860,-9.337002,-0.053412,-4.333196,0,0.003462691,0
1786467588.559575,0.000533,0.000566,-0.000184,-0.113525,0.017090,-0.992920,0.999327,0.005719,0.036246,-0.000277,-0.591118,0.006027,-0.806562,0.000030,0.655519,4.154474,-0.007972,-178.635349,72.467656,-178.143637,-9.404604,-0.052679,-4.140472,0,0.003462268,0
1786467588.579596,0.000800,0.000833,-0.000317,-0.113770,0.017090,-0.993164,0.999314,0.005773,0.036575,-0.000279,-0.599409,0.006005,-0.800421,0.000031,0.661710,4.192292,-0.007730,-178.524419,73.649521,-178.035419,-9.468016,-0.053396,-3.947686,0,0.003463615,0
1786467588.599621,0.000400,0.000833,-0.000317,-0.113281,0.018066,-0.992920,0.999302,0.005827,0.036905,-0.000280,-0.607558,0.006094,-0.794252,0.000030,0.667880,4.230078,-0.007470,-178.369028,74.819909,-177.873306,-9.526495,-0.053130,-3.753795,0,0.003464787,0
1786467588.619580,0.000267,0.000699,-0.000317,-0.113525,0.017090,-0.993652,0.999289,0.005878,0.037234,-0.000282,-0.615608,0.006047,-0.788029,0.000028,0.673776,4.267818,-0.007220,-178.227912,75.985454,-177.736563,-9.581194,-0.056097,-3.561530,0,0.003462896,0
1786467588.639774,0.000400,0.000566,-0.000717,-0.113525,0.016846,-0.992676,0.999277,0.005930,0.037563,-0.000286,-0.623567,0.005987,-0.781747,0.000029,0.679684,4.305491,-0.007202,-178.064651,77.146661,-177.578833,-9.631495,-0.056776,-3.367318,0,0.003471468,0
1786467588.660020,0.000800,0.001232,-0.000317,-0.113525,0.017090,-0.992676,0.999264,0.005983,0.037894,-0.000287,-0.631417,0.005966,-0.775420,0.000031,0.685887,4.343536,-0.006941,-177.857067,78.301233,-177.373665,-9.677658,-0.056707,-3.173964,0,0.003480142,0
1786467588.679605,0.000800,0.000300,-0.000583,-0.113525,0.016846,-0.993164,0.999251,0.006037,0.038222,-0.000290,-0.639143,0.005922,-0.769065,0.000034,0.692031,4.381054,-0.006839,-177.614993,79.446604,-177.135828,-9.719731,-0.057674,-2.980965,0,0.003458492,0
1786467588.699644,0.000933,0.000833,-0.000317,-0.112549,0.017822,-0.993408,0.999238,0.006093,0.038551,-0.000292,-0.646688,0.005993,-0.762731,0.000035,0.698485,4.418842,-0.006561,-177.268144,80.573967,-176.783728,-9.756579,-0.057042,-2.788730,0,0.003461539,0
1786467588.719695,0.000533,0.000966,-0.000983,-0.113770,0.016602,-0.992920,0.999225,0.006145,0.038882,-0.000297,-0.654213,0.005912,-0.756287,0.000038,0.704409,4.456751,-0.006680,-176.902359,81.707853,-176.425103,-9.791280,-0.060181,-2.597905,0,0.003464359,0
1786467588.739599,0.000267,0.000966,-0.000317,-0.113525,0.016602,-0.992920,0.999212,0.006195,0.039212,-0.000299,-0.661608,0.005853,-0.749827,0.000035,0.710219,4.494655,-0.006413,-176.417641,82.831192,-175.945243,-9.820939,-0.059920,-2.405843,0,0.003460205,0
1786467588.759594,0.000533,0.000566,-0.000450,-0.112793,0.017334,-0.993408,0.999198,0.006248,0.039540,-0.000301,-0.668845,0.005890,-0.743378,0.000035,0.716338,4.532305,-0.006209,-175.692547,83.938829,-175.217416,-9.846091,-0.059260,-2.215346,0,0.003460947,0
1786467588.779623,0.000400,0.000833,-0.000450,-0.113525,0.017334,-0.993652,0.999185,0.006301,0.039870,-0.000304,-0.676019,0.005914,-0.736860,0.000034,0.722360,4.570111,-0.006000,-174.655251,85.045124,-174.178358,-9.868667,-0.060563,-2.026728,0,0.003462931,0
1786467588.799583,0.000400,0.000833,-0.000583,-0.113770,0.017090,-0.993896,0.999171,0.006353,0.040200,-0.000307,-0.683097,0.005902,-0.730304,0.000034,0.728324,4.607925,-0.005868,-173.071420,86.143994,-172.595671,-9.887095,-0.061955,-1.837675,0,0.003461520,0
1786467588.819593,0.000134,0.000300,-0.000717,-0.113037,0.016846,-0.992432,0.999158,0.006403,0.040527,-0.000310,-0.690033,0.005871,-0.723754,0.000033,0.734104,4.645439,-0.005815,-170.305732,87.225834,-169.832558,-9.900824,-0.062879,-1.647387,0,0.003462586,0
1786467588.839613,0.000933,0.000433,-0.000317,-0.113037,0.017334,-0.992676,0.999144,0.006458,0.040854,-0.000312,-0.696860,0.005896,-0.717183,0.000035,0.740453,4.683011,-0.005520,-163.968814,88.284507,-163.493864,-9.911536,-0.062689,-1.460778,0,0.003463810,0
1786467588.859616,0.000400,0.000566,-0.000717,-0.113281,0.016846,-0.992920,0.999130,0.006510,0.041183,-0.000316,-0.703591,0.005862,-0.710581,0.000036,0.746381,4.720677,-0.005458,-140.080942,89.258918,-139.608836,-9.918880,-0.064399,-1.275287,0,0.003464009,0
1786467588.879608,0.000400,0.000833,-0.000717,-0.113525,0.017090,-0.993408,0.999116,0.006562,0.041513,-0.000320,-0.710223,0.005864,-0.703952,0.000036,0.752349,4.758489,-0.005387,-43.493879,89.302309,-43.021671,-9.922702,-0.064472,-1.090883,0,0.003463695,0
1786467588.899639,0.001066,0.000566,-0.000583,-0.113281,0.017090,-0.992920,0.999102,0.006617,0.041841,-0.000323,-0.716739,0.005861,-0.697317,0.000040,0.758712,4.796146,-0.005236,-17.137960,88.355141,-16.666237,-9.922554,-0.065240,-0.906372,0,0.003465128,0
1786467588.919635,0.000267,0.000833,-0.000450,-0.113525,0.017090,-0.993652,0.999088,0.006668,0.042170,-0.000325,-0.723155,0.005861,-0.690661,0.000038,0.764620,4.833955,-0.005004,-10.526308,87.323770,-10.054319,-9.919487,-0.065974,-0.724729,0,0.003464699,0
1786467588.939711,0.000400,0.000833,-0.000583,-0.113037,0.016602,-0.993408,0.999074,0.006720,0.042500,-0.000328,-0.729440,0.005808,-0.684021,0.000038,0.770520,4.871776,-0.004850,-7.568213,86.288762,-7.100410,-9.912344,-0.067189,-0.543231,0,0.003467784,0
1786467588.959595,0.000533,0.000566,-0.000583,-0.114014,0.017578,-0.993408,0.999059,0.006773,0.042828,-0.000331,-0.735672,0.005879,-0.677313,0.000038,0.776651,4.909421,-0.004682,-6.026191,85.245658,-5.552564,-9.903447,-0.066160,-0.364067,0,0.003461943,0
1786467588.979640,0.000400,0.000300,-0.000450,-0.112549,0.016846,-0.992920,0.999045,0.006825,0.043155,-0.000333,-0.741722,0.005847,-0.670682,0.000037,0.782620,4.946926,-0.004444,-4.971188,84.221558,-4.499805,-9.888799,-0.068597,-0.184382,0,0.003464378,0
1786467588.999642,0.000933,0.000833,-0.000717,-0.113525,0.016846,-0.993408,0.999030,0.006879,0.043485,-0.000337,-0.747716,0.005823,-0.663994,0.000041,0.788854,4.984742,-0.004353,-4.241405,83.195524,-3.772091,-9.873692,-0.068864,-0.009594,0,0.003464422,0
1786467589.019600,0.000533,0.001099,-0.000051,-0.113281,0.017090,-0.992676,0.999016,0.006932,0.043816,-0.000338,-0.753593,0.005835,-0.657316,0.000038,0.794946,5.022697,-0.003868,-3.726337,82.178219,-3.255523,-9.854207,-0.068871,0.166232,0,0.003462530,0
1786467589.039596,0.000666,0.000966,-0.000317,-0.113281,0.017334,-0.993408,0.999001,0.006986,0.044146,-0.000339,-0.759363,0.005870,-0.650640,0.000038,0.801147,5.060570,-0.003530,-3.347529,81.168597,-2.873541,-9.832036,-0.069477,0.338647,0,0.003462733,0
1786467589.059589,0.000533,0.000966,-0.000583,-0.113525,0.017090,-0.993408,0.998986,0.007038,0.044476,-0.000342,-0.765044,0.005869,-0.643951,0.000039,0.807208,5.098453,-0.003346,-3.030340,80.164332,-2.556168,-9.807249,-0.070952,0.509940,0,0.003462800,0
1786467589.079712,0.000533,0.000833,-0.000450,-0.113770,0.017090,-0.993652,0.998970,0.007091,0.044806,-0.000345,-0.770637,0.005868,-0.637247,0.000039,0.813270,5.136258,-0.003082,-2.772877,79.164873,-2.298406,-9.779607,-0.071569,0.679616,0,0.003468338,0
1786467589.099595,0.000400,0.000433,-0.000450,-0.113281,0.017334,-0.993164,0.998955,0.007144,0.045133,-0.000347,-0.776106,0.005898,-0.630575,0.000038,0.819314,5.173826,-0.002813,-2.574414,78.177109,-2.097050,-9.748405,-0.071950,0.848713,0,0.003462316,0
1786467589.119597,0.000134,0.000566,-0.000717,-0.113281,0.016846,-0.992676,0.998940,0.007194,0.045462,-0.000351,-0.781476,0.005868,-0.623908,0.000038,0.825105,5.211485,-0.002700,-2.384230,77.196904,-1.908839,-9.715189,-0.073567,1.015130,0,0.003462833,0
1786467589.139644,0.000666,0.000300,-0.000450,-0.113770,0.017822,-0.992920,0.998925,0.007248,0.045788,-0.000353,-0.786772,0.005954,-0.617215,0.000039,0.831377,5.248963,-0.002417,-2.265521,76.219259,-1.782734,-9.679879,-0.072671,1.179050,0,0.003465156,0
1786467589.159623,0.000533,0.000699,-0.000317,-0.113281,0.016846,-0.993408,0.998909,0.007301,0.046117,-0.000355,-0.791939,0.005903,-0.610571,0.000038,0.837420,5.286694,-0.002066,-2.115862,75.255469,-1.636627,-9.640926,-0.075565,1.341444,0,0.003464003,0
1786467589.179589,0.000134,0.001365,-0.000583,-0.113525,0.017090,-0.993408,0.998894,0.007352,0.046450,-0.000358,-0.797016,0.005902,-0.603930,0.000037,0.843258,5.324803,-0.001854,-2.001484,74.298069,-1.521796,-9.600551,-0.075195,1.501371,0,0.003462582,0
1786467589.199604,0.000267,0.000699,-0.000583,-0.113281,0.016357,-0.993164,0.998878,0.007402,0.046779,-0.000361,-0.801989,0.005819,-0.597310,0.000037,0.849049,5.362548,-0.001656,-1.875716,73.349858,-1.402186,-9.557234,-0.076462,1.659993,0,0.003463598,0
1786467589.219594,0.000400,0.000833,-0.000983,-0.112549,0.017090,-0.992920,0.998862,0.007454,0.047108,-0.000366,-0.806835,0.005850,-0.590748,0.000041,0.855046,5.400350,-0.001669,-1.799544,72.415429,-1.323242,-9.511282,-0.075075,1.816248,0,0.003463306,0
1786467589.239711,0.000666,0.000566,-0.000717,-0.113525,0.017090,-0.992920,0.998846,0.007507,0.047436,-0.000370,-0.811634,0.005868,-0.584137,0.000043,0.861183,5.438001,-0.001529,-1.727594,71.479533,-1.249352,-9.465156,-0.076075,1.969244,0,0.003468493,0
1786467589.259624,0.000400,0.000699,-0.000317,-0.113281,0.016846,-0.993164,0.998830,0.007559,0.047765,-0.000372,-0.816323,0.005855,-0.577565,0.000041,0.867154,5.475730,-0.001157,-1.653705,70.554701,-1.175732,-9.415266,-0.077131,2.121372,0,0.003463709,0
1786467589.279675,0.000400,0.000699,-0.000717,-0.113281,0.018066,-0.993408,0.998814,0.007613,0.048094,-0.000375,-0.820921,0.005988,-0.571011,0.000042,0.873320,5.513427,-0.000991,-1.626982,69.637303,-1.137535,-9.363761,-0.076287,2.270918,0,0.003465957,0
1786467589.299669,0.000134,0.000833,-0.000583,-0.112793,0.016602,-0.993408,0.998797,0.007663,0.048423,-0.000378,-0.825404,0.005915,-0.564511,0.000041,0.879097,5.551238,-0.000767,-1.549986,68.732852,-1.065739,-9.309809,-0.080414,2.418568,0,0.003465229,0
1786467589.319707,0.000933,0.000966,-0.000983,-0.113770,0.017090,-0.993164,0.998781,0.007717,0.048753,-0.000383,-0.829839,0.005920,-0.557971,0.000047,0.885369,5.589119,-0.000762,-1.499725,67.827595,-1.014850,-9.255769,-0.079271,2.563612,0,0.003466595,0
1786467589.339966,0.000400,0.000699,-0.000450,-0.113525,0.017090,-0.993408,0.998764,0.007769,0.049082,-0.000386,-0.834179,0.005926,-0.551462,0.000046,0.891374,5.626841,-0.000448,-1.453253,66.931249,-0.966980,-9.198151,-0.079859,2.707439,0,0.003477032,0
1786467589.359667,0.000933,0.000966,-0.000583,-0.113037,0.016846,-0.992920,0.998748,0.007824,0.049412,-0.000389,-0.838404,0.005904,-0.545018,0.000048,0.897648,5.664721,-0.000207,-1.404723,66.048456,-0.919711,-9.138655,-0.080674,2.849579,0,0.003461078,0
1786467589.379606,-0.000133,0.000433,-0.000450,-0.113037,0.016357,-0.993896,0.998731,0.007872,0.049740,-0.000391,-0.842539,0.005840,-0.538604,0.000044,0.903236,5.702307,0.000101,-1.349575,65.174220,-0.868731,-9.078323,-0.081363,2.987335,0,0.003459257,0
1786467589.399632,0.000800,0.000699,-0.000450,-0.113281,0.016602,-0.993652,0.998714,0.007926,0.050069,-0.000394,-0.846598,0.005822,-0.532200,0.000046,0.909394,5.740040,0.000419,-1.309294,64.305593,-0.829193,-9.016783,-0.080421,3.123914,0,0.003461536,0
1786467589.419624,0.000800,0.000566,-0.000184,-0.113525,0.017334,-0.992676,0.998697,0.007980,0.050397,-0.000395,-0.850587,0.005898,-0.525801,0.000045,0.915689,5.777675,0.000905,-1.291849,63.441580,-0.804543,-8.953554,-0.079817,3.259448,0,0.003461813,0
1786467589.439755,0.000666,0.000699,-0.000184,-0.114014,0.017090,-0.992676,0.998680,0.008034,0.050726,-0.000396,-0.854511,0.005924,-0.519400,0.000043,0.921855,5.815393,0.001391,-1.265470,62.581300,-0.774953,-8.888913,-0.081770,3.392237,0,0.003467976,0
1786467589.459612,0.000933,0.001232,-0.000184,-0.113037,0.016846,-0.993164,0.998663,0.008088,0.051057,-0.000397,-0.858308,0.005916,-0.513101,0.000043,0.928159,5.853420,0.001884,-1.234287,61.738624,-0.743598,-8.821142,-0.082869,3.522925,0,0.003460941,0
1786467589.479605,0.000533,0.000300,-0.000184,-0.113281,0.016846,-0.992920,0.998646,0.008141,0.051384,-0.000398,-0.862038,0.005916,-0.506809,0.000041,0.934229,5.890912,0.002372,-1.206661,60.900565,-0.714894,-8.753925,-0.083193,3.650933,0,0.003461393,0
1786467589.499597,0.000800,0.000566,-0.000450,-0.113281,0.017578,-0.993408,0.998628,0.008196,0.051712,-0.000401,-0.865685,0.006002,-0.500554,0.000043,0.940563,5.928540,0.002726,-1.198310,60.070865,-0.698557,-8.685087,-0.082891,3.776304,0,0.003461734,0
1786467589.519616,0.000134,0.000433,-0.000450,-0.113525,0.017090,-0.993408,0.998611,0.008246,0.052039,-0.000403,-0.869261,0.006010,-0.494317,0.000042,0.946427,5.966105,0.003073,-1.175559,59.247085,-0.673961,-8.615336,-0.085332,3.899936,0,0.003463111,0
1786467589.539739,0.000267,0.000433,-0.000184,-0.113525,0.017090,-0.993652,0.998593,0.008298,0.052366,-0.000404,-0.872760,0.006018,-0.488112,0.000039,0.952384,6.003666,0.003577,-1.153916,58.430895,-0.650455,-8.544090,-0.085827,4.021433,0,0.003468621,0
1786467589.559618,0.000267,0.001099,-0.000583,-0.113037,0.017578,-0.993896,0.998576,0.008350,0.052697,-0.000407,-0.876160,0.006084,-0.481983,0.000040,0.958414,6.041598,0.003872,-1.145100,57.627696,-0.635112,-8.471359,-0.085918,4.140676,0,0.003462318,0
1786467589.579597,0.000400,0.000833,-0.000450,-0.113525,0.016846,-0.992676,0.998558,0.008402,0.053026,-0.000409,-0.879505,0.006049,-0.475852,0.000040,0.964392,6.079396,0.004231,-1.118191,56.827553,-0.610198,-8.399008,-0.088154,4.258595,0,0.003461894,0
1786467589.599590,0.000400,0.000566,-0.000583,-0.113525,0.017090,-0.993164,0.998540,0.008454,0.053354,-0.000412,-0.882774,0.006056,-0.469759,0.000041,0.970404,6.117037,0.004518,-1.100557,56.035247,-0.591010,-8.324825,-0.087712,4.373369,0,0.003462110,0
1786467589.619621,0.000400,0.000833,-0.000184,-0.113281,0.016846,-0.993408,0.998522,0.008506,0.053684,-0.000414,-0.885961,0.006035,-0.463721,0.000040,0.976408,6.154831,0.005039,-1.078696,55.252991,-0.569703,-8.249604,-0.088409,4.486124,0,0.003463940,0
1786467589.639609,0.000533,0.000699,-0.000051,-0.112793,0.017090,-0.993164,0.998504,0.008559,0.054012,-0.000414,-0.889062,0.006052,-0.457747,0.000038,0.982550,6.192539,0.005644,-1.064825,54.481673,-0.553055,-8.173519,-0.088118,4.596981,0,0.003463448,0
1786467589.659629,0.000533,0.001099,-0.000583,-0.112793,0.016846,-0.992920,0.998485,0.008612,0.054343,-0.000417,-0.892092,0.006042,-0.451813,0.000040,0.988620,6.230487,0.005947,-1.047265,53.718257,-0.535506,-8.097567,-0.089100,4.705172,0,0.003464492,0
1786467589.679910,0.001066,0.001099,-0.000317,-0.113525,0.017090,-0.993652,0.998467,0.008667,0.054673,-0.000419,-0.895076,0.006060,-0.445873,0.000042,0.995035,6.268428,0.006409,-1.035483,52.956671,-0.521191,-8.021660,-0.088937,4.810334,0,0.003476392,0
1786467589.699659,0.000267,0.000966,-0.000450,-0.113281,0.017334,-0.992188,0.998448,0.008719,0.055003,-0.000421,-0.897983,0.006114,-0.439987,0.000042,1.001032,6.306286,0.006802,-1.030060,52.204340,-0.510026,-7.943540,-0.089503,4.916427,0,0.003462632,0
1786467589.719670,0.000267,0.000699,-0.000583,-0.113037,0.017090,-0.993164,0.998429,0.008771,0.055332,-0.000424,-0.900815,0.006124,-0.434160,0.000043,1.006987,6.343998,0.007116,-1.018136,51.461941,-0.496132,-7.864996,-0.091047,5.017788,0,0.003463446,0
1786467589.739616,0.000267,0.000566,-0.000317,-0.113525,0.017334,-0.993164,0.998411,0.008822,0.055660,-0.000426,-0.903594,0.006163,-0.428347,0.000042,1.012988,6.381626,0.007590,-1.011249,50.723672,-0.484632,-7.786921,-0.091285,5.117752,0,0.003461335,0
1786467589.759618,0.000666,0.001099,-0.000850,-0.113525,0.017090,-0.994141,0.998392,0.008876,0.055990,-0.000430,-0.906301,0.006161,-0.422587,0.000046,1.019145,6.419571,0.007761,-0.998860,49.994436,-0.471584,-7.707598,-0.092561,5.215056,0,0.003462099,0
1786467589.779621,0.000666,0.000566,-0.000583,-0.113037,0.017578,-0.993652,0.998373,0.008930,0.056318,-0.000433,-0.908936,0.006222,-0.416888,0.000048,1.025412,6.457192,0.008095,-0.996852,49.274949,-0.463299,-7.627391,-0.092363,5.311782,0,0.003462722,0
1786467589.799613,0.000267,0.000566,-0.000184,-0.113770,0.017090,-0.993408,0.998354,0.008982,0.056646,-0.000434,-0.911528,0.006211,-0.411192,0.000046,1.031379,6.494825,0.008652,-0.983550,48.557943,-0.449401,-7.548342,-0.094253,5.405876,0,0.003462699,0
1786467589.819616,0.000533,0.000566,-0.000317,-0.112793,0.017334,-0.993408,0.998335,0.009035,0.056974,-0.000436,-0.914033,0.006237,-0.405592,0.000045,1.037555,6.532448,0.009143,-0.976723,47.854985,-0.439067,-7.466691,-0.094096,5.498422,0,0.003463164,0
1786467589.839599,0.000533,0.001099,-0.000850,-0.113525,0.016846,-0.994141,0.998315,0.009087,0.057304,-0.000441,-0.916491,0.006200,-0.400008,0.000049,1.043601,6.570397,0.009326,-0.960946,47.155862,-0.425560,-7.387281,-0.095416,5.587346,0,0.003462678,0
1786467589.859610,0.000400,0.000699,-0.000450,-0.112549,0.017334,-0.992676,0.998296,0.009140,0.057633,-0.000443,-0.918872,0.006241,-0.394506,0.000049,1.049701,6.608096,0.009751,-0.957331,46.468871,-0.417143,-7.305394,-0.094554,5.677148,0,0.003463492,0
1786467589.879638,0.000533,0.000833,-0.000317,-0.113281,0.016846,-0.993408,0.998276,0.009193,0.057962,-0.000445,-0.921210,0.006212,-0.389015,0.000049,1.055790,6.645885,0.010246,-0.943455,45.785106,-0.404441,-7.225646,-0.096016,5.762155,0,0.003464869,0
1786467589.899616,0.000800,0.000833,-0.000583,-0.113525,0.017334,-0.992676,0.998257,0.009247,0.058291,-0.000448,-0.923498,0.006254,-0.383553,0.000051,1.062088,6.683665,0.010601,-0.940965,45.106468,-0.397145,-7.144753,-0.095281,5.847299,0,0.003463723,0
1786467589.919614,0.000533,0.000566,-0.000583,-0.113525,0.016846,-0.993896,0.998237,0.009300,0.058619,-0.000451,-0.925727,0.006229,-0.378142,0.000053,1.068155,6.721303,0.010948,-0.928643,44.435948,-0.385835,-7.063198,-0.096866,5.928908,0,0.003463717,0
1786467589.939612,0.000533,0.000433,-0.000850,-0.113525,0.017090,-0.994141,0.998217,0.009352,0.058946,-0.000455,-0.927900,0.006245,-0.372777,0.000056,1.074246,6.758862,0.011148,-0.922976,43.772659,-0.377723,-6.981677,-0.096478,6.009550,0,0.003463724,0
1786467589.959654,0.000666,0.000833,-0.000317,-0.113770,0.017334,-0.992920,0.998197,0.009406,0.059275,-0.000457,-0.930026,0.006290,-0.367440,0.000055,1.080483,6.796638,0.011668,-0.921483,43.114424,-0.370886,-6.900432,-0.096721,6.089756,0,0.003465627,0
1786467589.979635,0.000666,0.000433,-0.000583,-0.113281,0.017334,-0.992920,0.998177,0.009460,0.059602,-0.000460,-0.932089,0.006326,-0.362173,0.000057,1.086715,6.834186,0.012035,-0.919141,42.466172,-0.364144,-6.818060,-0.097817,6.167302,0,0.003464436,0
1786467589.999642,0.000666,0.000966,-0.000583,-0.113037,0.017090,-0.993164,0.998157,0.009514,0.059932,-0.000464,-0.934094,0.006325,-0.356972,0.000059,1.092916,6.872044,0.012408,-0.911855,41.827444,-0.355647,-6.736444,-0.098976,6.242381,0,0.003464658,0
1786467590.019640,0.000800,0.000566,-0.000717,-0.113281,0.016846,-0.992920,0.998137,0.009568,0.060260,-0.000467,-0.936054,0.006300,-0.351800,0.000062,1.099141,6.909681,0.012699,-0.901389,41.193732,-0.346293,-6.655548,-0.099464,6.316069,0,0.003464424,0
1786467590.039664,0.000800,0.000833,-0.000184,-0.113281,0.017090,-0.992676,0.998116,0.009622,0.060589,-0.000469,-0.937964,0.006316,-0.346676,0.000060,1.105443,6.947458,0.013308,-0.896834,40.567063,-0.338764,-6.574340,-0.098945,6.388202,0,0.003465370,0
1786467590.059644,0.000800,0.000433,-0.000317,-0.113525,0.017090,-0.992920,0.998096,0.009676,0.060916,-0.000470,-0.939830,0.006331,-0.341585,0.000059,1.111731,6.985008,0.013840,-0.892481,39.945742,-0.331594,-6.493401,-0.099473,6.458234,0,0.003464202,0
1786467590.079652,0.000134,0.000300,-0.000317,-0.113037,0.017334,-0.992920,0.998075,0.009728,0.061243,-0.000472,-0.941639,0.006381,-0.336563,0.000057,1.117690,7.022473,0.014380,-0.893032,39.334120,-0.326098,-6.411709,-0.099832,6.526994,0,0.003464514,0
1786467590.099656,0.000533,0.000433,-0.000450,-0.114014,0.016846,-0.993164,0.998055,0.009780,0.061570,-0.000475,-0.943418,0.006357,-0.331545,0.000057,1.123769,7.060031,0.014837,-0.883723,38.724062,-0.317487,-6.332064,-0.101389,6.593533,0,0.003464609,0
1786467590.119689,0.000666,0.000433,-0.000583,-0.113037,0.017090,-0.992920,0.998034,0.009834,0.061897,-0.000478,-0.945134,0.006376,-0.326620,0.000059,1.129978,7.097581,0.015228,-0.880631,38.126377,-0.311454,-6.249947,-0.100921,6.659564,0,0.003465876,0
1786467590.139676,0.000267,0.000966,-0.000583,-0.113525,0.016602,-0.992920,0.998013,0.009884,0.062227,-0.000481,-0.946812,0.006337,-0.321725,0.000059,1.135872,7.135448,0.015619,-0.869780,37.533471,-0.302724,-6.170348,-0.102034,6.723097,0,0.003464888,0
1786467590.159610,0.000267,0.001099,-0.000717,-0.113281,0.017090,-0.993164,0.997992,0.009936,0.062557,-0.000484,-0.948440,0.006373,-0.316892,0.000061,1.141840,7.173381,0.015948,-0.869557,36.949146,-0.297900,-6.089945,-0.101044,6.785116,0,0.003461902,0
1786467590.179672,0.000400,0.000833,-0.000317,-0.113281,0.017090,-0.992920,0.997971,0.009988,0.062886,-0.000486,-0.950027,0.006402,-0.312102,0.000060,1.147913,7.211156,0.016509,-0.868266,36.370884,-0.292417,-6.010260,-0.101863,6.845931,0,0.003465062,0
1786467590.199709,0.001066,0.000566,-0.000717,-0.113525,0.016846,-0.992676,0.997949,0.010044,0.063214,-0.000490,-0.951577,0.006394,-0.307344,0.000064,1.154295,7.248789,0.016835,-0.862359,35.797437,-0.286181,-5.931039,-0.102766,6.905319,0,0.003466429,0
1786467590.219644,0.000800,0.000699,-0.000583,-0.113037,0.017334,-0.992920,0.997928,0.010098,0.063542,-0.000493,-0.953077,0.006453,-0.302659,0.000065,1.160624,7.286483,0.017255,-0.865614,35.233798,-0.282744,-5.851225,-0.102359,6.962894,0,0.003463061,0
1786467590.239651,0.000267,0.000433,-0.000717,-0.113037,0.017334,-0.993896,0.997907,0.010150,0.063869,-0.000497,-0.954536,0.006500,-0.298025,0.000067,1.166640,7.324026,0.017598,-0.867343,34.677024,-0.278817,-5.772633,-0.103757,7.017995,0,0.003463634,0
1786467590.259649,0.000400,0.000433,-0.000450,-0.113770,0.017090,-0.993408,0.997885,0.010202,0.064196,-0.000499,-0.955967,0.006507,-0.293402,0.000066,1.172697,7.361573,0.018092,-0.863711,34.122510,-0.273017,-5.695236,-0.105017,7.073092,0,0.003463643,0
1786467590.279624,0.000533,0.000833,-0.000317,-0.112793,0.017090,-0.992920,0.997863,0.010255,0.064525,-0.000501,-0.957345,0.006517,-0.288873,0.000065,1.178866,7.399344,0.018675,-0.860743,33.580055,-0.267489,-5.615987,-0.105276,7.127178,0,0.003462707,0
1786467590.299636,0.000400,0.000566,-0.000317,-0.113037,0.016357,-0.992920,0.997841,0.010307,0.064853,-0.000503,-0.958690,0.006441,-0.284378,0.000063,1.184841,7.436981,0.019243,-0.846615,33.042503,-0.258710,-5.539055,-0.106386,7.178944,0,0.003463574,0
1786467590.319635,0.000400,0.000433,-0.000717,-0.112793,0.016602,-0.992920,0.997820,0.010359,0.065180,-0.000507,-0.959996,0.006424,-0.279940,0.000066,1.190830,7.474538,0.019589,-0.840579,32.512336,-0.252945,-5.461873,-0.104916,7.229530,0,0.003463661,0
1786467590.339634,0.000267,0.000699,-0.000583,-0.113037,0.017090,-0.993408,0.997798,0.010410,0.065508,-0.000510,-0.961268,0.006476,-0.275541,0.000066,1.196823,7.512236,0.020028,-0.843547,31.987611,-0.249683,-5.385842,-0.104288,7.278164,0,0.003463697,0
1786467590.359648,-0.000133,0.000966,-0.000583,-0.113525,0.017090,-0.993164,0.997775,0.010460,0.065838,-0.000513,-0.962510,0.006519,-0.271168,0.000066,1.202577,7.550087,0.020472,-0.845423,31.466715,-0.246009,-5.310393,-0.105488,7.326309,0,0.003464423,0
1786467590.379627,0.000933,0.001232,-0.000051,-0.113525,0.017090,-0.993164,0.997753,0.010515,0.066168,-0.000513,-0.963717,0.006546,-0.266846,0.000063,1.208983,7.588084,0.021231,-0.845197,30.952454,-0.241568,-5.234582,-0.106219,7.373178,0,0.003463414,0
1786467590.399781,0.000933,0.000833,-0.000450,-0.113281,0.016846,-0.994141,0.997730,0.010569,0.066497,-0.000516,-0.964888,0.006538,-0.262579,0.000065,1.215328,7.625861,0.021755,-0.840838,30.445414,-0.236523,-5.158965,-0.107142,7.417863,0,0.003470149,0
1786467590.419726,0.000666,0.000300,-0.000317,-0.113281,0.017578,-0.993896,0.997708,0.010624,0.066823,-0.000518,-0.966028,0.006629,-0.258352,0.000064,1.221642,7.663314,0.022368,-0.849103,29.943765,-0.234710,-5.084227,-0.106451,7.462486,0,0.003466343,0
1786467590.439640,0.000400,0.000566,-0.000317,-0.113281,0.017090,-0.993652,0.997686,0.010676,0.067151,-0.000519,-0.967135,0.006639,-0.254177,0.000063,1.227733,7.700930,0.022978,-0.847148,29.448783,-0.230132,-5.010035,-0.108843,7.505879,0,0.003462106,0
1786467590.459651,0.000533,0.000699,-0.000450,-0.113281,0.017090,-0.992676,0.997663,0.010729,0.067479,-0.000522,-0.968212,0.006653,-0.250043,0.000064,1.233891,7.738624,0.023518,-0.845721,28.959345,-0.225959,-4.936440,-0.109163,7.548829,0,0.003463076,0
1786467590.479771,0.000400,0.000833,-0.000317,-0.112793,0.016846,-0.993164,0.997640,0.010781,0.067808,-0.000524,-0.969253,0.006637,-0.245978,0.000063,1.239960,7.776396,0.024136,-0.840724,28.478458,-0.220795,-4.862829,-0.109807,7.589214,0,0.003468451,0
1786467590.499760,0.000800,0.000300,-0.000184,-0.113281,0.016846,-0.993408,0.997617,0.010835,0.068134,-0.000525,-0.970270,0.006628,-0.241934,0.000062,1.246257,7.813863,0.024828,-0.836566,28.000660,-0.215891,-4.791018,-0.109557,7.628593,0,0.003466920,0
1786467590.519753,0.000666,0.000966,-0.000583,-0.113281,0.016602,-0.993408,0.997594,0.010888,0.068464,-0.000528,-0.971257,0.006597,-0.237943,0.000064,1.252413,7.851721,0.025295,-0.830043,27.529590,-0.210910,-4.719062,-0.109800,7.667244,0,0.003465923,0
1786467590.539756,0.000533,0.000833,-0.000317,-0.113281,0.017334,-0.992676,0.997571,0.010942,0.068793,-0.000530,-0.972216,0.006673,-0.233991,0.000064,1.258623,7.889482,0.025935,-0.836777,27.063573,-0.208890,-4.647672,-0.108623,7.705573,0,0.003465569,0
1786467590.559764,0.000533,0.000566,-0.000450,-0.113281,0.017822,-0.992920,0.997548,0.010996,0.069120,-0.000532,-0.973148,0.006789,-0.230082,0.000064,1.264896,7.927080,0.026507,-0.848705,26.603039,-0.208239,-4.576721,-0.109703,7.741926,0,0.003465559,0
1786467590.579727,-0.000133,0.000833,-0.000450,-0.113281,0.017578,-0.992920,0.997524,0.011046,0.069449,-0.000534,-0.974052,0.006850,-0.226222,0.000064,1.270754,7.964836,0.027083,-0.853582,26.148747,-0.205738,-4.506408,-0.112408,7.777464,0,0.003463627,0
1786467590.599680,0.000134,0.000966,-0.000583,-0.113525,0.018066,-0.993408,0.997501,0.011098,0.069778,-0.000537,-0.974931,0.006953,-0.222400,0.000065,1.276820,8.002659,0.027596,-0.863933,25.699370,-0.204712,-4.436990,-0.113145,7.811507,0,0.003461750,0
1786467590.619689,0.000267,0.000300,-0.000184,-0.113525,0.017090,-0.992676,0.997477,0.011150,0.070104,-0.000538,-0.975787,0.006910,-0.218616,0.000063,1.282851,8.040117,0.028316,-0.856075,25.254736,-0.199165,-4.367676,-0.116161,7.845907,0,0.003462694,0
1786467590.639688,0.000800,0.000833,-0.000717,-0.113525,0.016602,-0.993408,0.997453,0.011203,0.070433,-0.000542,-0.976616,0.006820,-0.214884,0.000067,1.289075,8.077899,0.028728,-0.842794,24.816741,-0.193271,-4.299044,-0.115877,7.877893,0,0.003462985,0
1786467590.659677,0.000134,0.000433,-0.000450,-0.113770,0.017090,-0.993408,0.997430,0.011254,0.070760,-0.000545,-0.977423,0.006827,-0.211182,0.000067,1.295006,8.115437,0.029303,-0.841360,24.382533,-0.189605,-4.231272,-0.113894,7.909688,0,0.003462813,0
1786467590.679711,0.000800,0.000566,-0.000450,-0.113525,0.017334,-0.993652,0.997406,0.011309,0.071087,-0.000547,-0.978204,0.006862,-0.207533,0.000068,1.301361,8.153045,0.029889,-0.843475,23.955003,-0.186924,-4.163456,-0.113761,7.940382,0,0.003464568,0
1786467590.699668,0.000933,0.000833,-0.000317,-0.113281,0.016357,-0.993896,0.997382,0.011363,0.071416,-0.000549,-0.978959,0.006769,-0.203944,0.000068,1.307668,8.190824,0.030541,-0.830037,23.534747,-0.180929,-4.096476,-0.115474,7.970080,0,0.003462640,0
1786467590.719823,0.000666,0.000699,-0.000717,-0.113770,0.016846,-0.992920,0.997358,0.011416,0.071744,-0.000553,-0.979697,0.006773,-0.200370,0.000072,1.313852,8.228522,0.030973,-0.828603,23.116492,-0.177888,-4.031078,-0.113381,8.000068,0,0.003469591,0
1786467590.739738,0.000400,0.000433,-0.000450,-0.114014,0.017090,-0.993164,0.997333,0.011469,0.072071,-0.000555,-0.980414,0.006812,-0.196829,0.000072,1.319936,8.266059,0.031563,-0.831333,22.702518,-0.175354,-3.965514,-0.113348,8.028201,0,0.003464637,0
1786467590.759687,0.000533,0.000300,-0.000317,-0.113770,0.016602,-0.992432,0.997309,0.011521,0.072397,-0.000557,-0.981109,0.006783,-0.193338,0.000072,1.326043,8.303528,0.032223,-0.825989,22.294638,-0.171148,-3.899959,-0.114631,8.056527,0,0.003462312,0
1786467590.779705,0.000134,0.000966,-0.000450,-0.113281,0.017090,-0.993164,0.997285,0.011572,0.072726,-0.000560,-0.981777,0.006831,-0.189914,0.000072,1.331994,8.341367,0.032831,-0.829922,21.894949,-0.168918,-3.835071,-0.113766,8.082477,0,0.003463525,0
1786467590.799660,0.000533,0.000966,-0.000317,-0.113525,0.017578,-0.993408,0.997260,0.011626,0.073056,-0.000561,-0.982426,0.006925,-0.186525,0.000071,1.338251,8.379194,0.033530,-0.839570,21.499434,-0.167724,-3.771907,-0.114191,8.107964,0,0.003461765,0
1786467590.819668,0.000666,0.000966,-0.000717,-0.113770,0.016846,-0.993164,0.997235,0.011679,0.073385,-0.000565,-0.983057,0.006904,-0.183168,0.000075,1.344442,8.417042,0.033985,-0.835437,21.108060,-0.164397,-3.709230,-0.116826,8.133220,0,0.003462665,0
1786467590.839661,0.000800,0.000566,-0.000317,-0.113037,0.017578,-0.992920,0.997210,0.011734,0.073712,-0.000567,-0.983665,0.006985,-0.179872,0.000075,1.350864,8.454638,0.034688,-0.843537,20.723953,-0.162967,-3.645996,-0.115737,8.157847,0,0.003462738,0
1786467590.859663,0.000533,0.000034,-0.000450,-0.113281,0.016846,-0.993408,0.997186,0.011787,0.074037,-0.000570,-0.984257,0.006956,-0.176606,0.000076,1.357014,8.491947,0.035294,-0.838442,20.343633,-0.159238,-3.584710,-0.118166,8.180852,0,0.003463142,0
1786467590.879659,0.000134,0.000699,-0.000317,-0.113281,0.017578,-0.993652,0.997161,0.011838,0.074365,-0.000571,-0.984829,0.007034,-0.173386,0.000074,1.363053,8.529619,0.036007,-0.846154,19.968871,-0.157629,-3.523853,-0.117015,8.203411,0,0.003463197,0
1786467590.899656,0.000400,0.000833,-0.000583,-0.112793,0.017578,-0.993408,0.997135,0.011891,0.074693,-0.000574,-0.985380,0.007092,-0.170223,0.000076,1.369234,8.567368,0.036572,-0.851648,19.600955,-0.155995,-3.463153,-0.118548,8.225738,0,0.003463301,0
1786467590.919658,0.000134,0.001498,-0.000717,-0.112793,0.016602,-0.992920,0.997110,0.011942,0.075025,-0.000578,-0.985914,0.007018,-0.167106,0.000079,1.375115,8.605523,0.037053,-0.841451,19.238600,-0.151804,-3.404001,-0.120783,8.247490,0,0.003463581,0
1786467590.939659,-0.000266,0.000699,-0.000450,-0.113037,0.017578,-0.993164,0.997085,0.011991,0.075353,-0.000580,-0.986433,0.007095,-0.164010,0.000079,1.380922,8.643194,0.037701,-0.849163,18.878885,-0.150301,-3.345588,-0.118520,8.267948,0,0.003463766,0
1786467590.959645,0.000533,0.000566,-0.000317,-0.113037,0.017334,-0.993652,0.997059,0.012045,0.075680,-0.000582,-0.986936,0.007116,-0.160954,0.000078,1.387164,8.680793,0.038424,-0.850280,18.524034,-0.147723,-3.287351,-0.120152,8.287562,0,0.003463223,0
1786467590.979660,0.000267,0.000300,-0.000184,-0.113281,0.017090,-0.992920,0.997034,0.012097,0.076006,-0.000583,-0.987426,0.007108,-0.157924,0.000076,1.393226,8.718243,0.039218,-0.847924,18.172289,-0.144424,-3.229997,-0.120907,8.307786,0,0.003464086,0
1786467590.999664,0.000666,0.000433,-0.000583,-0.113037,0.017090,-0.993652,0.997008,0.012150,0.076333,-0.000586,-0.987898,0.007103,-0.154944,0.000078,1.399489,8.755774,0.039787,-0.846102,17.826515,-0.141794,-3.172614,-0.120754,8.326009,0,0.003464253,0
1786467591.019656,0.000267,0.000566,-0.000317,-0.113525,0.017090,-0.993164,0.996982,0.012202,0.076660,-0.000588,-0.988357,0.007107,-0.151985,0.000078,1.405538,8.793378,0.040515,-0.845312,17.483395,-0.138990,-3.116823,-0.120786,8.344785,0,0.003463907,0
1786467591.039654,0.001066,0.000966,-0.000583,-0.113525,0.016113,-0.993164,0.996956,0.012257,0.076989,-0.000591,-0.988802,0.006986,-0.149069,0.000081,1.411886,8.831235,0.041077,-0.829911,17.145494,-0.134465,-3.060916,-0.121763,8.362582,0,0.003463855,0
1786467591.059844,0.000800,0.001099,-0.000184,-0.113281,0.017334,-0.994141,0.996930,0.012311,0.077319,-0.000592,-0.989230,0.007059,-0.146198,0.000080,1.418296,8.869136,0.041904,-0.837318,16.812801,-0.132956,-3.005468,-0.118301,8.378850,0,0.003472004,0
1786467591.079735,0.000134,0.000699,-0.000317,-0.113037,0.016846,-0.993896,0.996904,0.012362,0.077647,-0.000594,-0.989644,0.007058,-0.143370,0.000079,1.424251,8.906819,0.042643,-0.836152,16.485251,-0.130244,-2.950667,-0.120377,8.395732,0,0.003465412,0
1786467591.099713,-0.000133,0.000833,-0.000450,-0.113037,0.016846,-0.993164,0.996878,0.012412,0.077976,-0.000596,-0.990045,0.007066,-0.140576,0.000079,1.430042,8.944579,0.043310,-0.835964,16.161920,-0.127827,-2.896961,-0.120478,8.412526,0,0.003464155,0
1786467591.119638,0.000533,0.001099,-0.000583,-0.113281,0.017090,-0.994141,0.996851,0.012465,0.078305,-0.000599,-0.990432,0.007099,-0.137818,0.000081,1.436233,8.982490,0.043912,-0.838885,15.842757,-0.126130,-2.844127,-0.120312,8.427096,0,0.003460954,0
1786467591.139741,0.000267,0.000833,-0.000450,-0.113281,0.016846,-0.994141,0.996825,0.012516,0.078634,-0.000602,-0.990808,0.007098,-0.135092,0.000082,1.442250,9.020251,0.044587,-0.837736,15.527404,-0.123702,-2.791550,-0.121298,8.442166,0,0.003466128,0
1786467591.159627,0.000400,0.000833,-0.000983,-0.113281,0.016846,-0.994141,0.996798,0.012568,0.078962,-0.000607,-0.991171,0.007100,-0.132403,0.000088,1.448296,9.058019,0.044957,-0.837170,15.216434,-0.121986,-2.739564,-0.121325,8.456767,0,0.003460782,0
1786467591.179700,0.000666,0.001232,-0.000717,-0.113525,0.017334,-0.992920,0.996771,0.012622,0.079293,-0.000611,-0.991522,0.007168,-0.129738,0.000091,1.454582,9.096001,0.045501,-0.844187,14.908452,-0.121023,-2.688548,-0.120884,8.472082,0,0.003464700,0
1786467591.199660,0.000533,0.000433,-0.000583,-0.113037,0.018066,-0.991943,0.996745,0.012676,0.079619,-0.000614,-0.991862,0.007315,-0.127111,0.000093,1.460915,9.133507,0.046132,-0.860561,14.604867,-0.121066,-2.636988,-0.121531,8.486785,0,0.003462813,0
1786467591.219606,0.000533,0.000966,-0.000450,-0.113770,0.016846,-0.993408,0.996718,0.012729,0.079948,-0.000616,-0.992192,0.007265,-0.124511,0.000094,1.467081,9.171343,0.046824,-0.853830,14.304512,-0.118003,-2.587558,-0.125652,8.498492,0,0.003460844,0
1786467591.239801,0.000400,0.000300,-0.000450,-0.113770,0.017090,-0.993652,0.996691,0.012781,0.080274,-0.000619,-0.992512,0.007265,-0.121935,0.000095,1.473203,9.208792,0.047515,-0.852988,14.007105,-0.115707,-2.537635,-0.124508,8.511132,0,0.003469951,0
1786467591.259618,0.000800,0.000566,-0.000583,-0.113281,0.016602,-0.993652,0.996664,0.012835,0.080601,-0.000622,-0.992818,0.007206,-0.119414,0.000097,1.479488,9.246405,0.048128,-0.845241,13.716084,-0.112829,-2.487820,-0.124973,8.523575,0,0.003460739,0
1786467591.279684,0.000134,0.000566,-0.000583,-0.113037,0.016846,-0.993652,0.996636,0.012886,0.080928,-0.000625,-0.993114,0.007203,-0.116931,0.000098,1.485432,9.284012,0.048751,-0.844200,13.429555,-0.110730,-2.439201,-0.123743,8.535529,0,0.003464353,0
