timestamp_request,FRshoulder_request,FRarm_request,FRfoot_request,timestamp_measured,FRshoulder_measured,FRarm_measured,FRfoot_measured,FRshoulder_current,FRarm_current,FRfoot_current
0.010004677999859268,-36.07600441114358,-14.103862285614854,105.6261973079098,0.015692355999817664,-36.25750961303711,-14.174844050407414,105.70485253334044,-0.39760148525238037,-0.07976183295249939,0.015461742877960205
0.020004298999992898,-35.89479566877495,-14.033019781576224,105.54770893868256,0.025537255000017467,-36.25750961303711,-14.174844050407414,105.70485253334044,-0.08401289582252502,0.004639036953449249,-0.008188962936401367
0.030005393000010372,-35.71348422701233,-13.962142116836509,105.46918035718252,0.03041467899993222,-36.25750961303711,-14.174844050407414,105.70485253334044,0.11806997656822205,0.4457070231437683,-0.2302481085062027
0.040006197999900905,-35.53218846662167,-13.891262191210517,105.3906507784224,0.036617470000010144,-36.23501005172729,-14.174844050407414,105.68719525337218,-0.07441842555999756,0.31249988079071045,-0.29789894819259644
0.05000729199991838,-35.3508787652176,-13.820379310128567,105.31211717136914,0.05040499400001863,-36.229073429107665,-14.170466685295109,105.64750809669493,0.6796469688415527,0.17288076877593994,-0.47625723481178284
0.060008704999972906,-35.16957836386533,-13.749502332869575,105.23359035666417,0.06040013500000896,-36.170479679107665,-14.15281417369843,105.6148519039154,0.5323976874351501,0.42999687790870667,-0.5726982951164246
0.07000954199997977,-34.98827506190998,-13.678623314432068,105.15506153173614,0.07546115299987832,-36.126884841918944,-14.135314249992375,105.54453988075255,0.8239836096763611,0.5563214421272278,-0.35696473717689514
0.08001092399990739,-34.806968261108985,-13.607741794135258,105.07652867851675,0.08544627799983573,-36.066884422302245,-14.124842905998234,105.45781989097594,1.1289844512939453,1.1904189586639404,-0.22470541298389435
0.09001240099996721,-34.62564929591025,-13.536855744975325,104.99799281781598,0.0954363949999788,-35.970634841918944,-14.104844355583195,105.35141367912291,1.0826988220214844,0.9566876292228699,-0.0657530426979065
0.10001320699984717,-34.44435409751329,-13.46597989461741,104.91946725164608,0.10541486399984024,-35.86907329559326,-14.072500491142277,105.2982892513275,0.625553548336029,0.6012570858001709,-0.7242625951766968
0.11001365999982227,-34.26306007748117,-13.395103597750184,104.84094093949645,0.11543704599989724,-35.73688449859619,-14.064842486381535,105.24000782966613,0.28167736530303955,1.185219407081604,-0.7219778299331665
0.12001414599990312,-34.08176719956089,-13.32422729379561,104.76241436821591,0.12540249099993162,-35.6059473991394,-14.023124003410343,105.18500943183898,1.6816415786743164,1.2445317506790161,-0.7749991416931152
0.1300147269998888,-33.900474339773304,-13.253352811310185,104.6838905688429,0.140229072000011,-35.43704214096069,-13.96781089305878,105.12125868797301,0.7551314234733582,1.0104811191558838,-0.6503217816352844
0.14001521199998024,-33.71917973961892,-13.182475834049583,104.60536375413793,0.16021007399990594,-35.252041244506835,-13.911095881462101,105.03532071113585,0.40200453996658325,1.0299745798110962,-0.44760921597480774
0.15001579399995535,-33.537886281580505,-13.11160134447681,104.52683944435546,0.16021007399990594,-35.13594808578491,-13.815623545646671,104.9368824481964,0.6162847280502319,1.7348706722259521,-0.25523683428764343
0.16001643899994633,-33.35658413986969,-13.040720284862395,104.44830835793115,0.1702172799998607,-35.0004786491394,-13.704687380790714,104.85282082557677,0.20737653970718384,0.5608448386192322,-0.5145877599716187
0.17001702099992144,-33.17527211798481,-12.96983649659035,104.36977299193336,0.1702172799998607,-34.8148530960083,-13.623591685295109,104.82141394615172,1.6045634746551514,0.3462926149368286,-1.1661406755447388
0.18001795399982257,-32.9939804184335,-12.898961560508265,104.29124843872646,0.18020070900001883,-34.6628231048584,-13.583437228202824,104.77172751426696,1.4980214834213257,1.379581332206726,-1.228989601135254
0.19001821500000915,-32.812689879122594,-12.828084810045993,104.21272137274472,0.190193865999845,-34.49047985076904,-13.542500758171085,104.71047778129576,1.1887195110321045,1.3257251977920532,-1.2765029668807983
0.20001879699998426,-32.63138945964176,-12.75720691850956,104.13419329379823,0.2001945119998254,-34.28079071044922,-13.52140548229218,104.64016337394713,0.5177343487739563,1.2568981647491455,-1.1182526350021362
0.2100193459998536,-32.45009311913295,-12.686328580465428,104.05566446887198,0.2102067089999764,-34.141415977478026,-13.468905711174015,104.52016491889952,1.6690278053283691,0.8883828520774841,-0.29838046431541443
0.22001963899992916,-32.26880025934124,-12.61545341049928,103.97713890270208,0.2201946819998284,-33.95188512802124,-13.352500224113468,104.37266488075255,0.9499504566192627,0.5791786313056946,-0.06317827105522156
0.23002025299979323,-32.08750158022307,-12.544575072455146,103.89860982649907,0.23022537599990756,-33.77204122543335,-13.248125338554386,104.3120398044586,1.128642201423645,0.7454399466514587,-1.0273983478546143
0.24002067399987936,-31.906215681873775,-12.473700589968109,103.82008577584749,0.2501865379999799,-33.665010356903075,-13.18031432628632,104.26125903129576,1.8801428079605103,1.4784318208694458,-0.9815154075622559
0.2500212239999655,-31.724894378065674,-12.40281430692411,103.74154789707309,0.2601859679998597,-33.502354049682616,-13.113123202323917,104.22032017707824,1.3980098962783813,1.2990950345993042,-1.3144999742507935
0.2600219329999618,-31.54361138031945,-12.331941638817263,103.6630258566428,0.2601859679998597,-33.3304780960083,-13.065468096733097,104.14438385963439,1.590009331703186,1.1577022075653076,-1.0467641353607178
0.27002216199980467,-31.36231910065,-12.261065568748366,103.58449904193785,0.27019653299998936,-33.19204273223877,-13.020311617851261,104.03797764778136,1.9067387580871582,2.12803053855896,-0.5337219834327698
0.28002255199999126,-31.181023322126656,-12.190187223616887,103.5059704604378,0.2801867459997993,-33.01751079559326,-12.903748774528507,103.91672749519347,1.855369210243225,1.3823914527893066,-0.3916931450366974
0.2900230369998553,-30.999730462339063,-12.119311607143036,103.42744439956493,0.2901869119998537,-32.83188524246216,-12.778126025199894,103.83329052925109,2.080435276031494,0.670024573802948,-0.6691721677780151
0.30002371399996264,-30.81842483990291,-12.048430547528621,103.34891306186206,0.3001971249998405,-32.693447494506835,-12.686091685295109,103.78766436576842,1.4770088195800781,0.540734052658081,-1.0744694471359253
0.310024391999832,-30.63712790114328,-11.977553109587237,103.2703847316388,0.3101867619998302,-32.49094905853271,-12.603279376029972,103.71547598838805,1.4108275175094604,0.8370428085327148,-0.8629828095436096
0.3200251649998336,-30.45583214075262,-11.90667545193487,103.1918569118232,0.3301954129999558,-32.27891626358032,-12.533279681205753,103.61344475746154,2.4220972061157227,0.31055307388305664,-0.7265660166740417
0.33002574599981926,-30.274512015313483,-11.835787815193076,103.11331778451371,0.340202459000011,-32.09001007080078,-12.459217333793644,103.48828930854796,0.49944591522216797,1.0018342733383179,-0.4680135250091553
0.34002620000001116,-30.09323306027805,-11.764915366795599,103.03479548495253,0.340202459000011,-31.858448410034175,-12.367030405998234,103.40110201835631,0.5553184151649475,1.0411654710769653,-0.7107110023498535
0.35002684500000214,-29.911933239048036,-11.694038389536608,102.95626816769224,0.3502027839999755,-31.698135757446284,-12.253595614433292,103.36141486167907,1.4108861684799194,0.6376980543136597,-1.1527149677276611
0.36002723399997194,-29.730642699737132,-11.623162999861087,102.87774235809793,0.3602022129998659,-31.445478820800776,-12.151094698905949,103.30969471931456,0.868622362613678,0.7737187147140503,-1.2307469844818115
0.37002759199981483,-29.54934808145831,-11.552285335121372,102.79921453042999,0.37021985100000165,-31.229698085784907,-12.085000300407414,103.25672764778136,1.268651008605957,0.7170856595039368,-1.3459707498550415
0.38002801299990097,-29.36805058070498,-11.481407677469006,102.7206859567805,0.39019922099987525,-30.988916778564448,-12.010470652580265,103.1734456539154,1.190967321395874,1.0469932556152344,-0.9364475607872009
0.39002852999988136,-29.186757140795127,-11.410531146717714,102.64215988805529,0.4052854229998957,-30.815635347366328,-11.92890765666962,103.06938309669493,1.681900143623352,1.0466985702514648,-0.8001956939697266
0.4000290159999622,-29.005451500234535,-11.339649179913206,102.56362679140969,0.4052854229998957,-30.62954130172729,-11.830154681205753,102.95969624519347,1.605002760887146,0.8126682043075562,-0.7547227740287781
0.41002962899983686,-28.824142977199433,-11.268766986311977,102.48509218709812,0.4202147899998181,-30.41860404014587,-11.744686388969425,102.90047783851622,1.8287180662155151,0.757693886756897,-1.1736286878585815
0.4200302429999283,-28.642855320363033,-11.197891816345829,102.4065681285942,0.43528329499986285,-30.28094830513,-11.686249995231632,102.85297770500182,2.012949228286743,1.0638141632080078,-1.156792163848877
0.43003104799981884,-28.461554338888494,-11.127014158693461,102.32804005750005,0.43528329499986285,-30.126573467254634,-11.65453078746796,102.80407090187072,1.7397270202636719,1.2458704710006714,-1.3432948589324951
0.4400316289998045,-28.280259738738238,-11.056136047446047,102.24951198640767,0.4501955089999683,-29.958291673660273,-11.623126292228703,102.74844546318053,1.7820241451263428,1.3484270572662354,-1.5186291933059692
0.450032211000007,-28.098962799978608,-10.985258382707944,102.17098365618439,0.4702002239998819,-29.824228906631465,-11.589375758171085,102.65938420295714,3.0629162788391113,1.5476808547973633,-1.2186206579208374
0.4600329200000033,-27.917661818504072,-10.914379817865482,102.09245483125636,0.4702002239998819,-29.63001074790954,-11.537033343315128,102.56469626426696,1.4984151124954224,1.4781339168548584,-0.8488279581069946
0.470033500999989,-27.736364317754862,-10.843502387011444,102.01392701144076,0.4802127099999325,-29.462823295593257,-11.459532999992375,102.47797627449035,2.21625018119812,1.3284578323364258,-1.2215827703475952
0.48003424299986364,-27.555058097072006,-10.772619279132776,101.9353926505554,0.4802127099999325,-29.306573295593257,-11.375471377372746,102.4201645374298,1.7851877212524414,1.0202548503875732,-1.480965495109558
0.49003450399982285,-27.373763496921747,-10.701741621480409,101.85686432818268,0.49021041099990725,-29.072042131423945,-11.285158419609074,102.36953873634337,1.4849998950958252,1.2769558429718018,-1.7247272729873657
0.5000348290000147,-27.19247527809165,-10.630868499778513,101.7783415339203,0.5002090719999615,-28.87079181671142,-11.208440089225773,102.31454033851622,1.8955174684524536,1.5478339195251465,-1.629257321357727
0.5100355390000004,-27.011174278488546,-10.559988793861892,101.69981094219898,0.5101972689999457,-28.650010251998896,-11.154376292228703,102.23969597816466,1.5818582773208618,1.511468529701233,-1.4752057790756226
0.5200358639999649,-26.82988838014338,-10.48911521856656,101.62128764537948,0.5302007359998697,-28.43594851493835,-11.084686541557316,102.13047642707824,1.8232431411743164,0.9455068707466125,-1.2259159088134766
0.5300366369999665,-26.64857753662747,-10.418232344571956,101.54275404617856,0.5402023419999296,-28.231572532653804,-10.994688296318058,101.99516434669493,1.447338581085205,1.0755079984664917,-1.0538326501846313
0.5400373789998412,-26.46728059786784,-10.347353772642148,101.46422471084465,0.5402023419999296,-27.9887598991394,-10.89375140666962,101.9234456539154,1.553032636642456,0.6118924021720886,-1.5483745336532593
0.5500378959998216,-26.28598193687411,-10.276475888193064,101.38569638847372,0.5602239849999933,-27.813760662078852,-10.822812342643742,101.8720402240753,1.6679511070251465,0.89371657371521,-1.7410703897476196
0.5600384459999077,-26.104692539675046,-10.205600945023631,101.30717132485915,0.5702264219999051,-27.60782303810119,-10.776406550407414,101.8021955013275,1.6790602207183838,2.0294761657714844,-1.5024579763412476
0.5700388349998775,-25.923386337120753,-10.134718071029027,101.22863747437968,0.5702264219999051,-27.464229488372798,-10.754843974113468,101.6946949481964,2.3973562717437744,2.024836778640747,-1.1487973928451538
0.5800393519998579,-25.742091156852354,-10.06384222775846,101.15011116223003,0.5802148429997942,-27.2870415687561,-10.734063410758976,101.57985110282897,1.5426353216171265,2.0295217037200928,-0.9086771607398987
0.590039933999833,-25.560796538573534,-9.992965016613795,101.07158408839418,0.5902140159998908,-27.106729173660273,-10.712810778617863,101.51172776222228,1.9534486532211304,1.2814189195632935,-1.4103446006774902
0.6000407069998346,-25.379496137221256,-9.922085998177895,100.99305425835729,0.6002134139998816,-26.988135004043574,-10.701252245903019,101.46485228538512,2.6917335987091064,2.4046990871429443,-1.6750882863998413
0.6100409679997938,-25.198200956948735,-9.851209247715623,100.91452668982024,0.6202025439999943,-26.811729097366328,-10.654531741142277,101.41391415596007,2.0129170417785645,1.3715498447418213,-1.878889560699463
0.6200419019999117,-25.01690459830725,-9.780331356179191,100.83599861087373,0.630219125999929,-26.62047924995422,-10.580779337883,101.3376655101776,2.7668051719665527,2.343331813812256,-1.56058931350708
0.6300421629998709,-24.83560419695497,-9.709450523361493,100.75746752444942,0.630219125999929,-26.451104307174678,-10.481249117851261,101.22578997611998,1.6755354404449463,1.8486446142196655,-1.0893970727920532
0.6400428399999782,-24.65430843656431,-9.638573546102503,100.67893995591058,0.6402222669998991,-26.22594776153564,-10.365935587883,101.0836019039154,1.7085198163986206,0.9889075756072998,-0.7173335552215576
0.6500436459998582,-24.472969729154272,-9.567680005537749,100.60039428752957,0.6552915719998964,-26.057823324203486,-10.256563448905949,100.98422665596007,3.217822790145874,2.445713758468628,-0.9891946911811829
0.6600441629998386,-24.29170239465144,-9.496813460964844,100.52187878031847,0.6702083629998015,-25.848916196823115,-10.17468574047089,100.92672724723815,2.0679376125335693,1.114939570426941,-1.3919697999954224
0.6700449359998402,-24.110408374619325,-9.425936256907523,100.44335096050287,0.6802109599998403,-25.619698190689082,-10.10437610149384,100.87125916481017,1.3777883052825928,2.283970832824707,-1.5568021535873413
0.6800455499999316,-23.929105054539537,-9.355056097395856,100.36481986622444,0.6802109599998403,-25.437666797637934,-10.008126521110539,100.779696893692,1.956712245941162,2.0806150436401367,-1.2853909730911255
0.6900462269998116,-23.74780813390847,-9.284179120136866,100.2862928002427,0.6902094619999843,-25.231573009490962,-9.903751635551457,100.67641396522521,1.8198000192642212,0.7762112617492676,-1.0850622653961182
0.7000469679999242,-23.56650713430537,-9.213298053435103,100.20776120340895,0.7052921109998351,-25.103135728836055,-9.803124690055851,100.56172747611998,2.5686733722686768,1.4429919719696045,-0.810951828956604
0.7100475499998993,-23.385207313071234,-9.14242130297283,100.12923388614867,0.7153312529999312,-24.932197952270503,-9.741092944145207,100.48485178947448,2.1881377696990967,2.169842004776001,-1.1160441637039185
0.7200482910000119,-23.203905751478555,-9.071540016561697,100.0507017946137,0.7302108909998424,-24.722666168212886,-9.6546900510788,100.41594643592833,2.5529463291168213,1.856468677520752,-1.0925862789154053
0.7300489689998813,-23.02260997295933,-9.000663032215359,99.9721744694993,0.7402121129998704,-24.600479030609126,-9.563123011589054,100.3345384120941,2.5013649463653564,1.5486881732940674,-1.0505632162094116
0.7400496139998722,-22.8413043505273,-8.929781519005896,99.89364212668757,0.7402121129998704,-24.41922965049743,-9.449688220024113,100.21860260963439,2.2825305461883545,1.373976230621338,-0.6968830227851868
0.750050162999969,-22.660010330495183,-8.858904995341952,99.81511531198083,0.7502117340000041,-24.260948324203486,-9.33672072887421,100.11454005241393,1.765425205230713,0.9561600685119629,-0.5096480250358582
0.7600509049998436,-22.478707010415395,-8.788024835830285,99.7365847202595,0.760211290999905,-24.11407294273376,-9.25359370708466,100.05938429832457,2.560314416885376,1.0680559873580933,-1.3301122188568115
0.7700516779998452,-22.297368901252064,-8.717129714769408,99.65803704950955,0.7752993489998516,-23.915635967254634,-9.19906260967255,99.998446893692,1.697722315788269,1.5771386623382568,-1.1741520166397095
0.7800519709999207,-22.116116649874478,-8.64627110810902,99.5795303370157,0.7902178669999103,-23.74454202651977,-9.138904833793644,99.94360108375548,3.3022491931915283,1.7222254276275635,-1.2873390913009644
0.7900526490000175,-21.934816810511776,-8.57538958781221,99.50099723251776,0.8002269290000186,-23.58922901153564,-9.054061198234562,99.86375946998595,2.2475693225860596,1.4644203186035156,-0.8915924429893494
0.8000532300000032,-21.75351582903724,-8.504511249768079,99.42246865886827,0.8002269290000186,-23.371416950225825,-8.945471072196964,99.78157181739806,2.608478546142578,1.1717156171798706,-0.9491634368896484
0.8100540030000047,-21.572214267444558,-8.43363064374871,99.34393706988864,0.8102168859998073,-23.195479536056514,-8.865157389640812,99.67375893592833,2.4402289390563965,1.25892174243927,-0.8753330707550049
0.8200553849999324,-21.39090282568195,-8.3627461750849,99.26540195516762,0.8302264009998908,-22.95126023292541,-8.814216876029972,99.59485192298888,1.0189545154571533,1.6829463243484497,-1.0587395429611206
0.8300556140000026,-21.209616347214514,-8.291875094559913,99.1868814224033,0.8653635579998991,-22.745634937286372,-8.765627169609074,99.54047818183898,2.3541259765625,1.8111884593963623,-1.1165651082992554
0.8400557469999512,-21.028322907304663,-8.220999024491014,99.10835511025367,0.8653635579998991,-22.53876032829284,-8.725000643730167,99.48735136985778,1.8077610731124878,1.6422579288482666,-1.2297714948654175
0.8500564249998206,-20.847024228182367,-8.150119318574394,99.02982426725377,0.8953573019998657,-22.30829181671142,-8.661876940727238,99.43016428947448,2.0373594760894775,1.879810094833374,-1.5426931381225586
0.8600564939999913,-20.665735429234125,-8.079244836087357,98.95129946277011,0.8953573019998657,-22.13735404014587,-8.577500605583195,99.35032029151915,2.2459521293640137,1.5541342496871948,-1.1882432699203491
0.8700571079998554,-20.484435009753287,-8.00836626415916,98.87277088126828,0.8953573019998657,-21.925010704994197,-8.486095690727238,99.25016541481017,1.8268969058990479,1.3292458057403564,-1.3262735605239868
0.8800580729998728,-20.303130547557537,-7.937482482974462,98.79423627695671,0.9253585339999972,-21.7911041021347,-8.417969965934757,99.14438385963439,2.436647415161133,1.7364884614944458,-1.0619438886642456
0.890058333999832,-20.12184116849116,-7.8666107220577075,98.71571448780499,0.9253585339999972,-21.617198014259333,-8.368126177787785,99.07875914573668,2.266146183013916,1.6928322315216064,-1.244124174118042
0.9000590119999288,-19.940536108048704,-7.795729655355945,98.63718213713913,0.9253585339999972,-21.40704157352447,-8.325001025199894,99.0204777240753,2.923271894454956,2.441307783126831,-1.304986596107483
0.9100593050000043,-19.75924614885594,-7.72485177090686,98.55865406604497,0.955353685999853,-21.260948204994197,-8.293281817436222,98.95438332557677,2.629194736480713,2.353148937225342,-1.3604265451431274
0.9200596939999741,-19.577955029426892,-7.653976381229729,98.48012901028275,0.955353685999853,-21.055948162078852,-8.263279223442082,98.8557900905609,2.194540023803711,2.086296558380127,-1.0964467525482178
0.9300603079998382,-19.39638717455569,-7.582993482448746,98.40148408723533,0.955353685999853,-20.883916640281672,-8.199998164176945,98.73407025337218,2.585829973220825,2.0787336826324463,-0.6158460974693298
0.9400608569999349,-19.215348987514023,-7.512216976483834,98.32306783469065,0.9853891259999727,-20.70266666412353,-8.123751902580265,98.62188239097594,2.6579949855804443,1.326642394065857,-0.8033453226089478
0.9500615979998202,-19.034054967481904,-7.441341813605032,98.24454277893021,0.9853891259999727,-20.461416864395137,-8.031092905998234,98.56672663688659,1.4925010204315186,1.97065269947052,-1.095134973526001
0.9600624359998164,-18.852749326921312,-7.370458478928034,98.16600866931984,0.9853891259999727,-20.303916954994197,-7.940312647819523,98.5056342601776,2.733086347579956,1.8007466793060303,-1.3211708068847656
0.9700633369998286,-18.671446024965967,-7.299578099706995,98.08747758289552,1.0254401569998208,-20.104072713851924,-7.858439707756046,98.42282195091246,1.7481849193572998,1.850939393043518,-1.0379562377929688
0.9800640459998249,-18.490149684457162,-7.22870180283977,98.00895101946733,1.0254401569998208,-19.88766672611236,-7.77562739849091,98.32110304832457,2.6639106273651123,2.4456188678741455,-0.7580775022506714
0.990064595999911,-18.30885100533487,-7.157822777314913,97.93042118157808,1.0254401569998208,-19.689072990417475,-7.700001025199894,98.20469517707824,2.0133557319641113,2.5540802478790283,-0.40770307183265686
1.0000649209998755,-18.127554664821943,-7.08694625365097,97.85189436687313,1.0653704809999454,-19.48532285690307,-7.607342028617863,98.13954014778136,2.221787691116333,1.4047248363494873,-1.0973808765411377
1.0100655659998665,-17.946258904431282,-7.0160674549244435,97.77336503153921,1.0653704809999454,-19.339854145050044,-7.504845881462101,98.08516402244567,2.587191104888916,1.5884196758270264,-1.1363500356674194
1.0200661159999527,-17.76496080543125,-6.945190250867124,97.69483721172361,1.0653704809999454,-19.157979512214656,-7.421251559257511,98.04844517707824,2.2897205352783203,0.8450701236724854,-1.5942529439926147
1.0300668889999542,-17.58365460287696,-6.874308284064226,97.61630486891009,1.0653704809999454,-18.970479393005366,-7.3645317792892495,97.97469515800475,2.3172950744628906,1.7321226596832275,-1.1031817197799683
1.0400677269999505,-17.402348962316363,-6.803427217362463,97.53777226696569,1.0853779479998593,-18.83172931671142,-7.3382818937301675,97.86453862190245,1.6733590364456177,2.370629072189331,-0.7488192915916443
1.0500681479998093,-17.221063063967073,-6.732551374090284,97.45924670864993,1.0853779479998593,-18.632041835784907,-7.31000068187714,97.71688361167907,3.0655715465545654,2.516700506210327,-0.23636092245578766
1.0600685049998901,-17.039766143336006,-6.661675984413153,97.38072115033239,1.0853779479998593,-18.490948104858393,-7.249218249320988,97.62360234260558,2.56326961517334,1.3716840744018555,-0.7082529067993164
1.0700691509998705,-16.85846630397331,-6.590796958889909,97.30219131244314,1.0853779479998593,-18.35110428333282,-7.163125300407414,97.57766385078429,3.0601751804351807,1.3960342407226562,-1.120954990386963
1.0800696999999673,-16.677172283945314,-6.519919074440823,97.22366248751689,1.1056553070000064,-18.141885423660273,-7.044221186637882,97.52875943183898,2.1835989952087402,1.265710711479187,-1.0809831619262695
1.0900706009999794,-16.49582663322142,-6.44902191220304,97.14511356037953,1.1056553070000064,-17.969229245185847,-6.921092295646671,97.47547764778136,2.8377797603607178,0.9585321545600891,-1.4412537813186646
1.100071086999833,-16.31009750396846,-6.376406950226801,97.06466016074148,1.1253940009999042,-17.79532315731048,-6.834999346733097,97.3921956539154,2.3233730792999268,1.6690189838409424,-0.9821223616600037
1.1100718919999508,-16.133258299115482,-6.307275434915184,96.98806746144531,1.1253940009999042,-17.57907273769378,-6.760154986381535,97.28891510963439,2.671619415283203,1.9723905324935913,-0.733810544013977
1.1200720249998994,-15.951973561006593,-6.236401179224864,96.90954240568308,1.155377984999859,-17.414072775840754,-6.665779376029972,97.1843828678131,2.6559135913848877,2.0066394805908203,-0.7473469376564026
1.1300726069998746,-15.770679522845914,-6.165526236057044,96.8310180959024,1.155377984999859,-17.17563571929931,-6.566563868522648,97.13110108375548,2.125453233718872,0.9220134615898132,-1.1864272356033325
1.1400732839999819,-15.589377961253234,-6.094645176442629,96.75248600436566,1.1853693929999736,-16.99157299995422,-6.481248164176945,97.06969637870787,2.8343374729156494,1.5446032285690308,-1.20809006690979
1.1500734809999358,-15.408087421946451,-6.023771374347357,96.6739604460499,1.1853693929999736,-16.811260604858393,-6.394845271110539,97.0100082874298,2.4355509281158447,1.197275161743164,-1.0598750114440918
1.1600740309997946,-15.226787002465613,-5.952893029215877,96.59543186454808,1.1853693929999736,-16.60219790935516,-6.323596262931828,96.91735167503356,2.364946126937866,1.450156569480896,-0.9018873572349548
1.1700746120000076,-15.045486020991074,-5.882011742804744,96.5169012806791,1.2153718409999783,-16.44360425472259,-6.253591799736027,96.81625742912291,2.665388822555542,1.3635685443878174,-0.907568097114563
1.1800750969998717,-14.864196043673868,-5.811138614015501,96.43837697089661,1.2153718409999783,-16.231260621547694,-6.170936846733097,96.73266549110411,2.3884072303771973,1.0679998397827148,-1.0026309490203857
1.1900758389999737,-14.682892161600378,-5.740258007996134,96.35984714085971,1.2153718409999783,-16.08141663074493,-6.074377322196964,96.68407101631163,2.846045732498169,1.3136098384857178,-1.224768042564392
1.200076355999954,-14.501592340366244,-5.669376494786672,96.28131429549089,1.2353791799998817,-15.928135538101193,-5.991407656669621,96.6473521709442,3.122677803039551,1.479797601699829,-1.5131244659423828
1.2100768089999292,-14.320299480578655,-5.598501785502917,96.20278974228577,1.2353791799998817,-15.719541633129117,-5.922814631462101,96.60172600746154,2.0417511463165283,1.3893362283706665,-1.6604340076446533
1.2200772310000048,-14.139001961696763,-5.527624574358249,96.12426166333927,1.2353791799998817,-15.575166666507718,-5.894061350822453,96.52829070091246,2.781190872192383,1.8150255680084229,-1.3660832643508911
1.23007797199989,-13.957705621183838,-5.456745329124022,96.04573233585769,1.2553772699998262,-15.387979173660275,-5.868436121940617,96.43485207557677,3.304013729095459,1.8710401058197021,-1.1328054666519165
1.2400786809998863,-13.776406380071965,-5.385868125068313,95.96720526987417,1.2553772699998262,-15.181729221343991,-5.813752436637882,96.32250924110411,2.4667673110961914,1.4996957778930664,-0.8107955455780029
1.2500794549998773,-13.595100159389109,-5.314984563592986,95.88866990387817,1.285374789999878,-15.047666752338406,-5.768595957756046,96.2384452342987,3.0778555870056152,1.7550420761108398,-1.4193003177642822
1.2600799399999687,-13.413807299601519,-5.244108720322419,95.81014409428207,1.285374789999878,-14.830322885513302,-5.701094889640812,96.18250746726989,2.342280149459839,1.7685686349868774,-1.4245967864990234
1.2700806169998486,-13.23250631812698,-5.173228114303052,95.73161300785776,1.3053787999999713,-14.626260423660275,-5.617967867851261,96.13063235282897,3.055544137954712,1.5411503314971924,-1.5133997201919556
1.2800810699998237,-13.051212878217125,-5.102353631816014,95.65308870592942,1.3053787999999713,-14.446729296445843,-5.54265620708466,96.07485194206237,2.1217739582061768,1.772437334060669,-1.4074729681015015
1.2900817479999205,-12.869895635252494,-5.0314682559621104,95.57455007332113,1.3053787999999713,-14.225322926044461,-5.484529757499699,96.00797791481017,2.449566602706909,2.087939977645874,-1.5468083620071411
1.3000823929999115,-12.68860509594159,-4.960590598309743,95.49602350989473,1.3353767359999438,-14.054697924852366,-5.453125262260441,95.91282029151915,2.412029266357422,2.100276470184326,-1.269525170326233
1.3100829099998919,-12.507316296993348,-4.8897179302028935,95.41750096690912,1.3353767359999438,-13.829073035717006,-5.413595461845402,95.79938311576842,2.0415942668914795,2.08056902885437,-1.2842087745666504
1.320083459999978,-12.32601587751251,-4.818837317096179,95.33896937007536,1.3754027099998893,-13.659072989225383,-5.374532961845402,95.72313446998595,2.8667831420898438,2.692265748977661,-1.5813329219818115
1.3300837529998262,-12.144728818922815,-4.747964422192613,95.26044657581298,1.3754027099998893,-13.515791767835612,-5.324841761589054,95.67031998634337,3.1379404067993164,2.088076591491699,-1.600361943244934
1.3400842379999176,-11.963424936849329,-4.6770844965650085,95.181915991944,1.3754027099998893,-13.331104242801661,-5.2546894788742105,95.61047692298888,2.5793230533599854,1.9276643991470337,-1.8289803266525269
1.3500844029999826,-11.782139618622299,-4.606210694471349,95.10339244384774,1.415405770999996,-13.1845417112112,-5.167342448234562,95.53360123634337,3.0021681785583496,2.261876344680786,-1.5097187757492065
1.3600853689999894,-11.600831657576776,-4.5353284937827745,95.02485908807124,1.415405770999996,-13.001572960615153,-5.084687495231632,95.4112591266632,2.0026333332061768,1.7480570077896118,-0.8575080037117004
1.3700855979998323,-11.419544598991202,-4.464454464890784,94.94633403230901,1.415405770999996,-12.820166745781894,-5.006095194816593,95.2759446620941,2.019406318664551,1.2375353574752808,-0.8735204339027405
1.3800864029999502,-11.238237816314644,-4.39357159089618,94.86780118694018,1.415405770999996,-12.684385502338404,-4.980627322196964,95.19813437461852,2.5229101181030273,3.204305648803711,-1.216392159461975
1.3900866959997984,-11.056947258875176,-4.322697781715172,94.78927763099159,1.4454047629999422,-12.493135505914683,-4.945155405998234,95.13094563484191,2.266413927078247,2.6550464630126953,-1.17747163772583
1.4000876299999163,-10.8756398960846,-4.251814680922239,94.71074352923534,1.4454047629999422,-12.295791735500092,-4.897967600822453,95.04360098838805,2.5120811462402344,2.3265552520751953,-0.9638367891311646
1.4100882430000183,-10.69434529593022,-4.18093747686653,94.63221621197506,1.4454047629999422,-12.132510492205615,-4.845782542228703,94.92969651222228,2.7617409229278564,2.4259066581726074,-0.7752106189727783
1.4200888880000093,-10.513042574097138,-4.110058685227351,94.55368688449349,1.4454047629999422,-11.912510484084482,-4.765936160087589,94.81344599723815,2.4042766094207764,1.9631073474884033,-0.5769977569580078
1.4300895339999897,-10.331744475097107,-4.039178525715684,94.47515579021504,1.4753851619998386,-11.749541727453465,-4.653283381462101,94.76157088279723,3.1584057807922363,1.8285229206085205,-1.288814902305603
1.4400900509999701,-10.150448714706446,-3.96830177525341,94.39662872423332,1.4753851619998386,-11.545010456442828,-4.538279795646671,94.70750946998595,2.174144983291626,2.28249192237854,-1.2400434017181396
1.45009072799985,-9.969148893476433,-3.8974229836142307,94.31809914547318,1.4753851619998386,-11.309229159355159,-4.444218897819523,94.66282029151915,2.1071343421936035,1.9280903339385986,-1.4636627435684204
1.4600913739998305,-9.787849054113732,-3.82654327769761,94.23956905630718,1.5053933699998652,-11.115010404586787,-4.354687952995304,94.58922762870787,2.805875778198242,2.086582660675049,-1.1965645551681519
1.4700916029999007,-9.60655967504323,-3.7556697024006667,94.16104525693237,1.5053933699998652,-10.899697938561435,-4.245001101493839,94.47485108375548,2.542539596557617,1.6308857202529907,-0.7304681539535522
1.4800924080000186,-9.425255212851603,-3.6847884159895337,94.08251266284209,1.5053933699998652,-10.757041597366328,-4.123126292228703,94.33500905036925,3.033514976501465,0.6252513527870178,-0.4097558856010437
1.4900930209998933,-9.243932766931657,-3.613900098854364,94.00397353553262,1.5454037919998882,-10.567822927236552,-4.02328135967255,94.26344532966613,2.651035785675049,1.0235189199447632,-1.0321723222732544
1.50009369899999,-9.062653231778086,-3.543028557648592,93.92545224108386,1.5454037919998882,-10.382197970151896,-3.976875567436222,94.21641488075255,3.0194389820098877,2.2177419662475586,-1.2899106740951538
1.5100946319998911,-8.88134760934193,-3.4721477248308954,93.84692040082568,1.5454037919998882,-10.255322927236552,-3.950935626029972,94.15610213279723,3.341158151626587,2.5004589557647705,-1.1837170124053955
1.520094988999972,-8.700057650153287,-3.4012730155471402,93.76839609889555,1.5854074609999316,-10.080791735649104,-3.8996899366378823,94.10719532966613,2.918466329574585,2.0402441024780273,-1.3399527072906494
1.5300954749998255,-8.518761291515922,-3.330393763225567,93.68986600972954,1.5854074609999316,-9.92016675472259,-3.8239062070846597,94.01610274314879,2.8708598613739014,1.3379926681518555,-0.9346215724945068
1.540095736000012,-8.337470752205018,-3.25952064152367,93.61134271291006,1.5854074609999316,-9.773604297637934,-3.7265646696090737,93.92000813484191,3.3757569789886475,1.7027956247329712,-0.8177322149276733
1.550096412999892,-8.156169190612339,-3.1886409426943967,93.53281087265366,1.5854074609999316,-9.566416764259333,-3.6096871137619058,93.83172650337218,3.5389153957366943,1.4055275917053223,-1.051191806793213
1.5600969939998777,-7.974869369378201,-3.117762151055217,93.45428330411481,1.6153969160000088,-9.401416802406306,-3.5150015592575112,93.77922673225402,3.094973564147949,1.6955716609954834,-1.398335337638855
1.5700977039998634,-7.793569530019624,-3.0468804039616906,93.37575095344896,1.6153969160000088,-9.210010492801661,-3.4514057874679605,93.71844668388366,2.8694725036621094,1.7639446258544922,-1.3348369598388672
1.5800983489998544,-7.612274929869368,-2.9760052410828877,93.29722539513142,1.6153969160000088,-8.980010473728175,-3.3848440885543862,93.64500899314879,3.0361440181732178,2.041245698928833,-1.3337533473968506
1.5900992179999776,-7.430968727315076,-2.9051232742783792,93.21869204720726,1.6153969160000088,-8.791104280948634,-3.2837498426437417,93.55657000541686,2.265617847442627,1.4529014825820923,-1.0307698249816895
1.600099863999958,-7.249668307834234,-2.8342435683617584,93.14016220931802,1.645396867999807,-8.55938556194305,-3.188592219352726,93.44047684669493,2.315662145614624,1.491657018661499,-0.7539743185043335
1.610100316999933,-7.068376028164785,-2.7633690858747215,93.06163765611291,1.645396867999807,-8.393760347366328,-3.1270325422287026,93.36641449928283,3.0451676845550537,1.811239242553711,-1.4235270023345947
1.6201013459999558,-6.887067505129682,-2.69248575828507,92.98310305179956,1.645396867999807,-8.177979314327235,-3.0920326948165933,93.30719609260558,2.4456684589385986,2.221313714981079,-1.4007550477981567
1.630102054999952,-6.705768844135953,-2.6216058326590783,92.90457271920734,1.6654050069998902,-7.972354316711421,-3.0492174863815347,93.25328965187072,2.752251148223877,2.1774182319641113,-1.470259428024292
1.6401026689998162,-6.524471325254062,-2.5507299822995524,92.8260466504839,1.6654050069998902,-7.798447930812831,-3.005467677116398,93.19672722816466,2.516221046447754,2.015296220779419,-1.4188960790634155
1.6501032819999182,-6.343170923901784,-2.479849603076902,92.7475155640578,1.6654050069998902,-7.600322985649104,-2.9645312070846597,93.11141390800475,2.3602612018585205,2.0959887504577637,-1.7284566164016724
1.660104118999925,-6.161867621950563,-2.408967863070723,92.6689832212443,1.695403198999884,-7.478604340553279,-2.9100001096725503,92.9962577342987,3.073561191558838,2.298051357269287,-0.7679031491279602
1.6701048289999108,-5.98056604222932,-2.3380906519260556,92.59045539357635,1.695403198999884,-7.302823090553279,-2.8148424863815347,92.8764142513275,3.0820505619049072,1.8591400384902954,-0.7518366575241089
1.6801052499999969,-5.799270281838659,-2.2672114066918283,92.51192556353946,1.715404456999977,-7.1161043882369945,-2.725311541557316,92.81578917503356,2.9056484699249268,2.001901865005493,-1.2103288173675537
1.6901056069998504,-5.617978582287346,-2.196336697408073,92.43340101033256,1.715404456999977,-6.995791816711421,-2.6712525129318276,92.76625771522521,3.367424964904785,2.088888645172119,-1.4533618688583374
1.7001064119999683,-5.436673539973459,-2.125456318187034,92.35486917007437,1.715404456999977,-6.815166497230525,-2.614532732963566,92.71125931739806,2.9248130321502686,2.153846502304077,-1.313301920890808
1.7101070259998323,-5.255377761454234,-2.0545768390671313,92.27633933218513,1.7354131719998804,-6.620791578292842,-2.5651562452316323,92.63797659873961,2.2254440784454346,2.396153450012207,-1.2212169170379639
1.7201073509997968,-5.074080260705028,-1.9837003154031887,92.19781251748017,1.7354131719998804,-6.461416506767268,-2.557345652580265,92.53516573905944,3.021493673324585,2.76723575592041,-1.2170677185058594
1.7301081559999147,-4.892758975025487,-1.9128110910779235,92.11927163122796,1.7754132249999657,-6.22501077651977,-2.5148451566696206,92.40656991004943,2.807880163192749,2.6007256507873535,-0.7135351300239563
1.740108513999985,-4.7114829205890025,-1.8419434054292463,92.04075485977532,1.7754132249999657,-6.050010347366328,-2.450939440727238,92.33985323905944,3.244027614593506,2.792750120162964,-1.2382906675338745
1.75010896699996,-4.53019064091955,-1.771066428170256,91.96222729123649,1.8054042809999373,-5.844697976112361,-2.3770296812057534,92.2709455013275,2.9191126823425293,2.4571468830108643,-1.3349930047988892
1.7601097079998453,-4.34888849920873,-1.7001860489492184,91.88369620481218,1.8054042809999373,-5.611885213851924,-2.2732794523239175,92.19907183647155,2.815300703048706,1.404144525527954,-1.1182365417480469
1.7701100969998151,-4.167597379779686,-1.6293111128671338,91.80517165160528,1.8054042809999373,-5.411260747909541,-2.1942198514938394,92.10516352653502,2.407805919647217,2.243927478790283,-0.8639822006225586
1.7801108709998061,-3.9862917392149697,-1.558431406950513,91.72664131116072,1.8054042809999373,-5.206885361671443,-2.127033495903019,91.9668855190277,2.731105327606201,2.430478811264038,-0.33817580342292786
1.790111707999813,-3.8049901776222868,-1.4875492133476733,91.64810796323655,1.8354478809999364,-5.063291811943049,-2.0729696989059487,91.86406989097594,3.1392245292663574,3.5264787673950195,-0.5413176417350769
1.8001123849999203,-3.623692676868963,-1.4166715556969187,91.56957989214419,1.8354478809999364,-4.852823042869563,-2.023907923698429,91.80563349723815,2.565613031387329,2.677342653274536,-0.8442248106002808
1.8101128710000012,-3.442395738109333,-1.3457943445522513,91.49105156191914,1.8354478809999364,-4.684229516983027,-1.9721853971481365,91.74016375541686,3.528394937515259,3.288788080215454,-0.9353363513946533
1.8201134839998758,-3.2610953367570588,-1.274913965331212,91.41252173188224,1.8754229740000028,-4.529073262214656,-1.898123049736027,91.65922541618346,2.5128679275512695,2.602879285812378,-0.765593945980072
1.8301142249999884,-3.079797836007849,-1.204037668463986,91.33399491717728,1.8754229740000028,-4.347041869163508,-1.79906489849091,91.55735392570494,2.943930149078369,2.350142478942871,-0.5565279722213745
1.8401150619999953,-2.898469008767748,-1.133139145442673,91.25544346941095,1.8754229740000028,-4.21954157352447,-1.6915619611740151,91.46938223838805,3.4164226055145264,1.937822699546814,-0.6415486931800842
1.8501154199998382,-2.7171935344535214,-1.0622771297312799,91.17693273647453,1.9154174589998547,-4.057198190689082,-1.6142189741134683,91.41782183647155,3.908273458480835,2.3995635509490967,-0.9464578628540039
1.8601165129998662,-2.535884431296161,-0.991391534166393,91.09839612194166,1.9154174589998547,-3.8464164972305244,-1.553908610343937,91.36719603538512,3.5370659828186035,2.303661346435547,-0.9487909078598022
1.8701165819998096,-2.3546066546296913,-0.9205231752116863,91.01987835323251,1.9154174589998547,-3.7139165639877265,-1.4832794904708901,91.31750960350035,3.82362699508667,2.9767441749572754,-1.2730034589767456
1.8801177079999434,-2.1732923122681314,-0.8496387065478768,90.94134248467941,1.9154174589998547,-3.54391696453094,-1.4076578855514565,91.26547713279723,2.5024657249450684,1.991000771522522,-1.218475103378296
1.8901179049998973,-1.992006413918844,-0.7787660384410273,90.86281969041524,1.9454179549998116,-3.338760757446284,-1.3039076566696206,91.18016619682311,2.2041118144989014,1.3693712949752808,-0.9792306423187256
1.9001185499998883,-1.81070659268471,-0.7078854324216604,90.78428860399093,1.9454179549998116,-3.183760666847224,-1.195312762260441,91.07172865867614,2.701369285583496,2.406259536743164,-0.7517203688621521
1.9101188749998528,-1.6294131527748519,-0.6370107231379052,90.70576379950725,1.9454179549998116,-2.9529792308807323,-1.0843765974044839,90.97235102653502,1.8443387746810913,1.5635322332382202,-0.8204284310340881
1.9201192969999283,-1.4481167941374906,-0.5661326048031423,90.62723521800544,1.9454179549998116,-2.7711040019988964,-0.9931242704391519,90.9065713405609,2.899898052215576,2.0772011280059814,-0.9033635258674622
1.9301197180000145,-1.2668198735022997,-0.4952540399622922,90.54870589052386,1.9654196609999417,-2.584385299682612,-0.8860934019088784,90.8604754924774,2.930058717727661,1.5650463104248047,-1.2502421140670776
1.9401199149999684,-1.0855293341955132,-0.4243791038802076,90.47018108604018,1.9654196609999417,-2.370166802406306,-0.7731259107589761,90.82110304832457,2.8426215648651123,1.5085999965667725,-1.4779503345489502
1.9501207849998536,-0.9042219532722555,-0.3534964495965873,90.39164747898513,1.9654196609999417,-2.212666893005366,-0.6839049100875894,90.77000994682311,3.100492000579834,1.9719032049179077,-1.4610803127288818
1.9601210459998128,-0.7229366350411013,-0.28262219390626697,90.3131231770568,1.9954264609998518,-2.01922955513,-0.6299984693527261,90.69422621726989,2.6459991931915283,2.362697124481201,-1.3680956363677979
1.9701214029998937,-0.5416391342918985,-0.2117463506356998,90.23459761873924,1.9954264609998518,-1.8578225612640331,-0.6048453092575112,90.5912580013275,3.3998234272003174,2.4952478408813477,-0.783044159412384
1.9801221759998953,-0.3603398931800257,-0.14086551781800338,90.15606552720429,2.000111690999802,-1.7123538494110058,-0.558124804496769,90.48313517570494,3.0555002689361572,2.1609904766082764,-0.8671700954437256
1.9901228219998757,-0.17904295442039597,-0.0699887602699949,90.07753845336843,2.000111690999802,-1.5186041831970165,-0.5095303297042886,90.42500872611998,2.3468117713928223,2.0994935035705566,-1.491711139678955
3.011988696999879,0,0,90,2.000111690999802,-1.3700109958648632,-0.4245293378829995,90.36063094139098,2.682664394378662,2.0804004669189453,-1.0713598728179932
3.011988696999879,0,0,45,2.006642902999829,-1.2093860149383495,-0.3206265211105386,90.2787580013275,3.2776975631713867,1.7820830345153809,-1.346359372138977
5.596980430999793,0,0,45,2.016408855999998,-1.0184484958648632,-0.2381241559982339,90.18297572135924,3.1479244232177734,1.9154484272003174,-0.9828370809555054
,,,,2.0261764099998345,-0.8945411682128857,-0.19484164714813623,90.11454005241393,3.389371871948242,2.196876287460327,-0.27402952313423157
,,,,2.0370975179998823,-0.769541883468623,-0.18765571117401514,90.0639142513275,2.9403891563415527,2.312869071960449,-0.7540693283081055
,,,,2.0469091999998454,-0.6232911586761425,-0.1848423719406167,90.05485434532164,2.455805778503418,2.390896797180176,-0.930688202381134
,,,,2.0566955379999854,-0.5334478855133007,-0.1848423719406167,90.0262584209442,4.060479164123535,2.2801313400268555,-0.5529353618621826
,,,,2.066451379,-0.47516646385192374,-0.1848423719406167,90.0248517513275,2.9597654342651367,2.3893790245056152,-0.7647483348846436
,,,,2.0763080859999263,-0.421573543548579,-0.1848423719406167,90.0248517513275,3.4546473026275635,2.430957555770874,-0.5864171981811523
,,,,2.08715469699996,-0.38329186439513663,-0.18062713146210108,90.0248517513275,3.608769655227661,2.2871971130371094,-0.7535775303840637
,,,,2.096936074999803,-0.35625996589660147,-0.16359450817108545,90.01485247611998,2.970590829849243,2.275218963623047,-0.5985190272331238
,,,,2.1067150209999,-0.3478235244750927,-0.16484382152557764,90.01485247611998,3.1024606227874756,2.437079429626465,-0.5991485714912415
,,,,2.1165140629998405,-0.3303224086761425,-0.1548445463180581,90.01485247611998,3.156461000442505,2.385460138320923,-0.7323567867279053
,,,,2.12629505599989,-0.32954158782958487,-0.1548445463180581,90.01485247611998,3.3578453063964844,2.2820310592651367,-0.6199682950973511
,,,,2.1372330929998498,-0.30610384941100577,-0.1548445463180581,90.01485247611998,3.260390520095825,2.320058822631836,-0.630572497844696
,,,,2.1470209990000058,-0.2982920646667431,-0.1548445463180581,90.01485247611998,2.975684881210327,2.358579158782959,-0.5967052578926086
,,,,2.1567900879999797,-0.26235404014586905,-0.1510918378829995,90.01485247611998,3.7213094234466553,2.1982626914978027,-0.6297014951705933
,,,,2.166554281999879,-0.24563493728637198,-0.14484527111053858,90.01485247611998,2.8613779544830322,2.412083625793457,-0.5903261303901672
,,,,2.1763145389998044,-0.2223545551299999,-0.13484599590301904,90.01485247611998,3.0222809314727783,2.191680669784546,-0.5842738151550293
,,,,2.1872520639999493,-0.1936036586761425,-0.13484599590301904,90.01485247611998,2.5929388999938965,2.2731738090515137,-0.1938878297805786
,,,,2.1970196489999125,-0.1611048221588085,-0.13484599590301904,90.01485247611998,2.6148622035980225,2.333678722381592,-0.7413774728775024
,,,,2.2067702099998314,-0.12094798088073233,-0.13484599590301904,90.01485247611998,2.356612205505371,2.107043743133545,-0.6184216737747192
,,,,2.2165116189999026,-0.0973540782928417,-0.1274979352951089,90.01485247611998,3.144864797592163,2.2343502044677734,-0.31271791458129883
,,,,2.226294148999841,-0.0757915019988964,-0.12203338146210108,90.01485247611998,2.4144041538238525,2.2789855003356934,-0.6442074775695801
,,,,2.2371253039998464,-0.06532254219054678,-0.11484267711639795,90.01485247611998,2.726099729537964,2.237818956375122,-0.5721772313117981
,,,,2.2469126649998543,-0.05297961235045889,-0.11484267711639795,90.01485247611998,2.7246949672698975,2.236830472946167,-0.5733620524406433
,,,,2.2566749069999332,-0.05235376358031729,-0.11484267711639795,90.01485247611998,2.422111749649048,2.3360369205474854,-0.5074781179428101
,,,,2.2664761889998317,-0.049229288101191315,-0.11218669414520654,90.01485247611998,2.9085640907287598,2.4108998775482178,-0.35205191373825073
,,,,2.276282494999805,-0.04235448837279776,-0.10484340190887842,90.01485247611998,2.874818801879883,2.313011407852173,-0.6936410665512085
,,,,2.28712411399988,-0.04235448837279776,-0.09906413555145654,90.01485247611998,2.248100757598877,2.242476224899292,-0.4920966327190399
,,,,2.2968781309998576,-0.04235448837279776,-0.09484412670135889,90.01485247611998,2.8311691284179688,2.166753053665161,-0.5005373954772949
,,,,2.306645939999953,-0.04235448837279776,-0.08640887737274561,90.01485247611998,3.0242347717285156,2.10398006439209,-0.5201677083969116
,,,,2.3163827729999866,-0.04235448837279776,-0.08484485149383936,90.01485247611998,2.72420334815979,2.341275691986084,-0.5180585980415344
,,,,2.326146549999976,-0.04235448837279776,-0.08484485149383936,90.01485247611998,2.141174793243408,1.99497389793396,-0.1844344139099121
,,,,2.3370306659999187,-0.04235448837279776,-0.08484485149383936,90.01485247611998,2.780416488647461,1.9779809713363647,-0.48781442642211914
,,,,2.3467722030000004,-0.04235448837279776,-0.0648463010788003,90.01485247611998,3.1098556518554688,2.062861204147339,-0.5946605801582336
,,,,2.3565302519998568,-0.04235448837279776,-0.0648463010788003,90.01485247611998,3.1952450275421143,2.259821891784668,-0.47386088967323303
,,,,2.3662809410000136,-0.04235448837279776,-0.0648463010788003,90.01485247611998,3.015146255493164,2.0569469928741455,-0.40704774856567383
,,,,2.3761796969999978,-0.04235448837279776,-0.0648463010788003,90.01485247611998,2.7454612255096436,1.985787272453308,-0.5988264083862305
,,,,2.3871137019998514,-0.04235448837279776,-0.0648463010788003,90.01485247611998,2.562567949295044,2.061522960662842,-0.4887058436870575
,,,,2.396908359000008,-0.04235448837279776,-0.05250098705292139,90.01485247611998,2.4419009685516357,2.1517717838287354,-0.7286643981933594
,,,,2.4066799129998344,-0.04235448837279776,-0.05171897411346826,90.01485247611998,2.261714220046997,1.9624689817428589,-0.5167022943496704
,,,,2.4164139299998624,-0.04235448837279776,-0.0448429822921792,90.01485247611998,2.2534730434417725,2.1799168586730957,-0.3998529016971588
,,,,2.4261627629998657,-0.04235448837279776,-0.03468635082245264,90.01485247611998,2.4322328567504883,2.0896430015563965,-0.5748423933982849
,,,,2.437120031999939,-0.04235448837279776,-0.03484370708465967,90.01485247611998,2.5189082622528076,2.088636875152588,-0.5308323502540588
,,,,2.4468712329999107,-0.04235448837279776,-0.03484370708465967,90.01485247611998,3.2945497035980225,2.1886093616485596,-0.3529602587223053
,,,,2.4566188499998134,-0.04235448837279776,-0.03484370708465967,90.01485247611998,2.4222559928894043,2.088270902633667,-0.4654153287410736
,,,,2.466391586999862,-0.04235448837279776,-0.016561770439151857,90.01485247611998,2.51130747795105,1.6538642644882202,-0.3476175367832184
,,,,2.476142179999897,-0.04235448837279776,-0.014845156669620607,90.01485247611998,2.3915717601776123,1.8293299674987793,-0.458920955657959
,,,,2.48697928699994,-0.04235448837279776,-0.014845156669620607,90.01485247611998,2.1558005809783936,1.9188451766967773,-0.5508896112442017
,,,,2.4967159599998467,-0.04235448837279776,-0.014845156669620607,90.01485247611998,2.8124561309814453,2.178710460662842,-0.15055347979068756
,,,,2.5065004739999495,-0.04235448837279776,-0.014845156669620607,90.01485247611998,3.01800799369812,1.9335490465164185,-0.5315165519714355
,,,,2.5162379469998086,-0.04235448837279776,-0.014845156669620607,90.01485247611998,2.734126567840576,1.8936353921890259,-0.4663831889629364
,,,,2.5270651659998293,-0.04235448837279776,-0.014845156669620607,90.01485247611998,2.769629716873169,2.100587844848633,-0.46818724274635315
,,,,2.536796174999836,-0.04235448837279776,-0.004845881462101076,90.01485247611998,3.0206944942474365,1.714255452156067,-0.4641791582107544
,,,,2.5465279509999164,-0.04235448837279776,-0.004845881462101076,90.01485247611998,2.424924373626709,1.7161167860031128,-0.5333300828933716
,,,,2.556270383999845,-0.04235448837279776,-0.004845881462101076,90.01485247611998,2.5151004791259766,2.06772518157959,-0.31245121359825134
,,,,2.567091042999891,-0.04235448837279776,-0.004845881462101076,90.01485247611998,2.620061159133911,1.9456813335418701,-0.24673627316951752
,,,,2.5768631399998867,-0.04235448837279776,-0.004845881462101076,90.01485247611998,2.186877727508545,1.8289070129394531,-0.3601471781730652
,,,,2.5866405179999674,-0.04235448837279776,-0.004845881462101076,90.01485247611998,2.1763248443603516,1.9260706901550293,-0.32887718081474304
,,,,2.5963730629998736,-0.04235448837279776,-0.004845881462101076,90.01485247611998,2.741558313369751,1.900301456451416,-0.3750304579734802
,,,,2.6071929539998564,-0.04235448837279776,-0.004845881462101076,90.01485247611998,2.6681180000305176,1.935701847076416,-0.31986328959465027
,,,,2.616927673999953,-0.04235448837279776,-0.004845881462101076,90.01485247611998,2.582501173019409,1.9560086727142334,-0.1639968305826187
,,,,2.6266595469999174,-0.04235448837279776,-0.004845881462101076,90.01485247611998,2.116663694381714,1.9310287237167358,-0.32228484749794006
,,,,2.6363953239999773,-0.04235448837279776,-0.004845881462101076,90.01485247611998,2.343397855758667,1.9008203744888306,-0.07736343890428543
,,,,2.647245582999858,-0.04235448837279776,-0.004845881462101076,90.02375979423522,2.3438212871551514,1.8311216831207275,-0.3918807804584503
,,,,2.657022384999891,-0.04235448837279776,-0.004845881462101076,90.03000636100768,1.837224006652832,2.1181318759918213,-0.2574678957462311
,,,,2.6669076040000164,-0.04235448837279776,-0.004845881462101076,90.03000636100768,2.6262447834014893,2.105067253112793,-0.36009451746940613
,,,,2.6767905829999563,-0.04235448837279776,-0.004845881462101076,90.03000636100768,2.4793596267700195,2.1132755279541016,-0.3954826593399048
,,,,2.6865581049999037,-0.04235448837279776,-0.004845881462101076,90.03000636100768,2.209221839904785,1.8452882766723633,-0.274259477853775
,,,,2.6962954179998633,-0.04235448837279776,-0.004845881462101076,90.03000636100768,2.3449454307556152,1.9028350114822388,-0.4881882071495056
,,,,2.7071584769998935,-0.04235448837279776,-0.004845881462101076,90.03000636100768,2.210480213165283,1.6424317359924316,-0.52193683385849
,,,,2.7168967499999326,-0.04235448837279776,-0.004845881462101076,90.03000636100768,1.9279215335845947,1.722729206085205,-0.39962223172187805
,,,,2.7266317269998126,-0.04235448837279776,-0.004845881462101076,90.03000636100768,2.2841269969940186,2.0942087173461914,-0.2439936250448227
,,,,2.7363645599998563,-0.04235448837279776,-0.004845881462101076,90.03000636100768,2.342942953109741,2.1147494316101074,-0.5576772093772888
,,,,2.7471855379999397,-0.04235448837279776,-0.004845881462101076,90.03000636100768,2.308760643005371,1.9046282768249512,-0.491098552942276
,,,,2.756911554999988,-0.04235448837279776,-0.004845881462101076,90.03000636100768,2.3378374576568604,1.5392712354660034,-0.4480006694793701
,,,,2.7666408679999677,-0.05844774246215323,-0.004845881462101076,90.03000636100768,2.2451624870300293,1.5393956899642944,-0.3124193847179413
,,,,2.7763624359999994,-0.05751075744628409,-0.004845881462101076,90.03000636100768,3.0946288108825684,2.122084856033325,-0.37011808156967163
,,,,2.787174774999812,-0.05751075744628409,-0.004845881462101076,90.03000636100768,2.197500228881836,2.1165027618408203,-0.2813485860824585
,,,,2.79690712799993,-0.05751075744628409,-0.004845881462101076,90.03000636100768,2.302126169204712,1.906324863433838,-0.4825451374053955
,,,,2.8066397369998413,-0.05751075744628409,-0.004845881462101076,90.03000636100768,2.087783098220825,1.6959385871887207,-0.24836494028568268
,,,,2.8163739130000067,-0.05751075744628409,-0.004845881462101076,90.03000636100768,2.2377941608428955,1.9062831401824951,-0.27047795057296753
,,,,2.82717162799986,-0.05751075744628409,-0.004845881462101076,90.03000636100768,2.6294631958007812,1.800858497619629,-0.3597821295261383
,,,,2.8369083969998883,-0.05751075744628409,-0.004845881462101076,90.03000636100768,2.384427309036255,1.9061399698257446,-0.18242435157299042
,,,,2.846636844999921,-0.05751075744628409,-0.004845881462101076,90.03000636100768,2.8512954711914062,1.4321775436401367,-0.25018614530563354
,,,,2.8564982559998953,-0.05751075744628409,-0.004845881462101076,90.03000636100768,2.5022590160369873,1.7304903268814087,-0.25020456314086914
,,,,2.8665664549998837,-0.05751075744628409,-0.004845881462101076,90.03000636100768,2.473095655441284,1.8007110357284546,-0.18212977051734924
,,,,2.876318871999956,-0.05751075744628409,-0.004845881462101076,90.03547568321227,2.566251516342163,1.748387098312378,-0.42797791957855225
,,,,2.887164746999815,-0.05751075744628409,-0.004845881462101076,90.04001040458678,1.9455727338790894,2.056147575378418,-0.2508925795555115
,,,,2.8969627649998984,-0.06032290458678702,-0.004845881462101076,90.04001040458678,2.0532069206237793,1.624934434890747,-0.452095091342926
,,,,2.9067065099998217,-0.06751003265380362,-0.004845881462101076,90.04001040458678,2.4534876346588135,1.8853154182434082,-0.4087463319301605
,,,,2.9164560149999943,-0.06751003265380362,-0.004845881462101076,90.04001040458678,2.392630100250244,1.6945253610610962,-0.0940675139427185
,,,,2.9263143219998256,-0.06751003265380362,-0.004845881462101076,90.04001040458678,2.1494436264038086,2.0753612518310547,-0.18372125923633575
,,,,2.9371628209999017,-0.06751003265380362,-0.004845881462101076,90.04001040458678,2.643125295639038,1.7999141216278076,-0.163980171084404
,,,,2.9469075579997934,-0.06751003265380362,-0.004845881462101076,90.04001040458678,2.3657991886138916,1.9054447412490845,-0.3320656716823578
,,,,2.956674023000005,-0.06751003265380362,-0.004845881462101076,90.04001040458678,2.0155460834503174,1.9954502582550049,-0.2553877830505371
,,,,2.9664226639999924,-0.06751003265380362,-0.004845881462101076,90.04001040458678,1.9386194944381714,1.976151466369629,-0.25647488236427307
,,,,2.9762359459998606,-0.06751003265380362,-0.004845881462101076,90.04001040458678,2.201446533203125,1.6946570873260498,-0.2567104697227478
,,,,2.9871088939999026,-0.06751003265380362,-0.004845881462101076,90.04001040458678,2.260751247406006,1.694504737854004,-0.3013346195220947
,,,,2.9969012799999746,-0.06751003265380362,-0.004845881462101076,90.04001040458678,2.1224582195281982,2.0752198696136475,-0.25647154450416565
,,,,3.006683232999876,-0.06751003265380362,-0.004845881462101076,90.04001040458678,2.212406873703003,1.4043952226638794,-0.21284565329551697
,,,,3.0168305689999215,-0.07751049995421866,-0.004845881462101076,90.04001040458678,2.321143627166748,1.6935601234436035,-0.18859395384788513
,,,,3.0267522689998714,-0.07751049995421866,-0.004845881462101076,90.04001040458678,2.5188956260681152,1.9246935844421387,-9.195208549499512
,,,,3.0365337109999473,-0.07751049995421866,0.04281399250030127,88.42938323020934,1.9613767862319946,1.3897241353988647,-8.504707336425781
,,,,3.046323535999818,-0.07751049995421866,0.22968647480010596,84.27547831535338,1.650626540184021,0.14068078994750977,-9.418503761291504
,,,,3.056196242999931,-0.06860437393187979,0.38452980518340674,77.67594714164733,2.0104503631591797,-0.09796357154846191,-9.300750732421875
,,,,3.067029125999852,-0.04235448837279776,0.5206238985061606,68.67969412803649,2.087005376815796,-0.6236388683319092,-8.996118545532227
,,,,3.076756902999932,-0.012510442733759675,0.6251561403274497,58.577507925033565,2.082728862762451,0.08997499942779541,9.147847175598145
,,,,3.0865071119999357,0.010301446914677825,0.31312344074248877,51.407193136215206,2.5573182106018066,4.640166282653809,8.244526863098145
,,,,3.0962704739999936,0.017645931243901458,-0.13187530040741358,47.53938574790954,1.9181748628616333,5.42400598526001,8.4225492477417
,,,,3.107121340999811,-0.012198114395136628,-0.5050003767013589,46.37141127586364,2.83912992477417,5.050759792327881,0.6489190459251404
,,,,3.1168753259998994,-0.05985441207885245,-0.5621874570846597,45.812663030624385,2.249068021774292,3.330145835876465,0.6244769096374512
,,,,3.126633214999856,-0.09985389709472159,-0.3229677915573159,45.54250617027282,2.438990592956543,1.0075064897537231,-0.49727925658226013
,,,,3.1364752019999287,-0.10751070976256827,-0.1431238889694253,45.38360495567321,1.975224494934082,0.7890396118164062,-0.177457794547081
,,,,3.146270627999911,-0.0757915019988964,-0.03281238079071436,45.27376074790954,1.6005703210830688,1.4055664539337158,-0.1441725194454193
,,,,3.1571024549998583,-0.05235376358031729,0.00593540668487158,45.224074316024776,2.5822434425354004,1.943662405014038,-0.4537641704082489
,,,,3.166913528999885,-0.03235402107238272,0.0051581621170004865,45.18422980308532,2.4862422943115234,2.0559370517730713,-0.2674787640571594
,,,,3.176686201999928,-0.020009899139399323,0.0051581621170004865,45.18484969139099,2.9189653396606445,1.5788816213607788,-0.6462163925170898
,,,,3.1864327949999733,-0.04907312393187979,0.03562328815459814,45.161723089218135,2.9496140480041504,0.9847795367240906,-0.5528408885002136
,,,,3.196183547999908,-0.04751029014586905,0.04515526294707861,45.15485663414001,2.38655686378479,1.986815333366394,-0.45582205057144165
,,,,3.206996750999906,-0.055947923660273347,0.06515381336211767,45.15485663414001,2.4596967697143555,1.8505622148513794,-0.6418763995170593
,,,,3.216745488000015,-0.06751003265380362,0.06515381336211767,45.13297934532165,2.5813324451446533,1.9832841157913208,-0.31763333082199097
,,,,3.2264751199998045,-0.05235376358031729,0.06515381336211767,45.12797255516052,2.2461254596710205,1.716117262840271,-0.55085688829422
,,,,3.2373149149998426,-0.05235376358031729,0.04999992847442236,45.1170434474945,3.0319056510925293,1.7384387254714966,-0.3959817588329315
,,,,3.2470471079998333,-0.03172936439513663,0.04999992847442236,45.11484999656677,2.4992716312408447,1.7613763809204102,-0.6223978996276855
,,,,3.256778148999956,-0.03235402107238272,0.06687519550323096,45.10485548973083,2.4283368587493896,1.8699692487716675,-0.40832704305648804
,,,,3.266502404999983,-0.03235402107238272,0.06515381336211767,45.09485144615173,2.2170817852020264,1.648535132408142,-0.4529477655887604
,,,,3.2773226799999975,-0.03235402107238272,0.06515381336211767,45.09485144615173,2.4528675079345703,1.431898593902588,-0.5871080160140991
,,,,3.28704508099986,-0.03235402107238272,0.06515381336211767,45.081881475448604,3.0015833377838135,1.430930256843567,-0.33460158109664917
,,,,3.2971906880000006,-0.03235402107238272,0.06515381336211767,45.06484885215759,2.5153839588165283,1.4310415983200073,-0.3555663526058197
,,,,3.3069511049998255,-0.02094807624816397,0.06515381336211767,45.06484885215759,2.4542343616485596,1.5971556901931763,-0.3509148061275482
,,,,3.316692769999918,-0.02235474586486319,0.06515381336211767,45.05720038414001,2.623619794845581,1.6468976736068726,0.14513978362083435
,,,,3.3264305949999198,-0.02235474586486319,0.06515381336211767,45.04485030174255,2.433866024017334,1.614754557609558,-0.30510056018829346
,,,,3.3362401329998193,-0.02235474586486319,0.06515381336211767,45.04485030174255,2.9840850830078125,1.9976310729980469,-0.14487306773662567
,,,,3.347080951999942,-0.02235474586486319,0.06515381336211767,45.03875632286071,2.4172868728637695,1.9807465076446533,-0.20240050554275513
,,,,3.3568329849999827,-0.02235474586486319,0.06515381336211767,45.02485175132751,2.964346408843994,1.2565364837646484,-0.4340100586414337
,,,,3.366683227999829,-0.02235474586486319,0.06515381336211767,45.02485175132751,2.4855222702026367,1.431579828262329,-0.039772167801856995
,,,,3.376536637999834,-0.02235474586486319,0.06515381336211767,45.021103811264034,2.9629430770874023,1.5318423509597778,-0.01326720416545868
,,,,3.386306751999882,-0.02235474586486319,0.06515381336211767,45.00344176292419,2.5651283264160156,1.4240049123764038,-0.19916671514511108
,,,,3.396182082999985,-0.02235474586486319,0.06515381336211767,45.00485320091247,2.7446210384368896,1.6485435962677002,-0.1259603053331375
,,,,3.4071314799998618,-0.02235474586486319,0.06515381336211767,45.00485320091247,2.2260828018188477,1.9314032793045044,0.10902389883995056
,,,,3.4169274809999024,-0.02235474586486319,0.06515381336211767,45.00485320091247,2.1062052249908447,1.3644441366195679,-0.2813841700553894
,,,,3.426684475000002,-0.02235474586486319,0.06515381336211767,45.00485320091247,2.883328437805176,1.5431245565414429,-0.13831551373004913
,,,,3.4364274829999886,-0.02235474586486319,0.06515381336211767,45.00203986167907,2.473163366317749,1.430949091911316,-0.1816149652004242
,,,,3.4461886369999775,-0.02235474586486319,0.06515381336211767,44.99484915733337,2.6991076469421387,1.6483944654464722,-0.13741981983184814
,,,,3.4570512799998596,-0.02235474586486319,0.06515381336211767,44.99484915733337,2.750225305557251,1.6480801105499268,-0.08726978302001953
,,,,3.4667951209999046,-0.02235474586486319,0.06515381336211767,44.99484915733337,2.88407826423645,1.580823540687561,-0.059514787048101425
,,,,3.47654171399995,-0.02235474586486319,0.06515381336211767,44.99484915733337,2.5042340755462646,1.9305387735366821,0.036587830632925034
,,,,3.486382643999832,-0.02235474586486319,0.06515381336211767,44.98485465049743,2.3599188327789307,1.8640155792236328,0.010229676961898804
,,,,3.496181525999873,-0.02235474586486319,0.06515381336211767,44.98485465049743,2.210574150085449,1.8640449047088623,-0.031198173761367798
,,,,3.5070570020000105,-0.02235474586486319,0.06515381336211767,44.98485465049743,2.4203763008117676,1.8638452291488647,-0.028112605214118958
,,,,3.5167966189999333,-0.02235474586486319,0.06515381336211767,44.98485465049743,2.2174553871154785,1.5312252044677734,0.021692641079425812
,,,,3.526651500999833,-0.02235474586486319,0.06515381336211767,44.97406859397888,2.8357739448547363,1.864066243171692,0.019948996603488922
,,,,3.5363970060000156,-0.02235474586486319,0.06515381336211767,44.97485060691833,2.5104691982269287,1.7643741369247437,0.07114668935537338
,,,,3.5461842400000023,-0.02235474586486319,0.06515381336211767,44.97485060691833,2.82804012298584,1.8636467456817627,0.07459931075572968
,,,,3.557058755999833,-0.02235474586486319,0.06515381336211767,44.97485060691833,2.4289133548736572,1.5307966470718384,-0.01458248496055603
,,,,3.5669868559998577,-0.02235474586486319,0.06515381336211767,44.97485060691833,2.5056118965148926,1.6190286874771118,0.08213552832603455
,,,,3.5767431769997984,-0.02235474586486319,0.06515381336211767,44.97485060691833,2.423147678375244,1.1315772533416748,-0.05624350532889366
,,,,3.586495401999855,-0.02235474586486319,0.06515381336211767,44.97485060691833,1.9321651458740234,1.294879674911499,-0.0747467651963234
,,,,3.5962496429999646,-0.02235474586486319,0.06515381336211767,44.97485060691833,2.832608222961426,1.181770920753479,0.09084858745336533
,,,,3.607096446000014,-0.02235474586486319,0.06515381336211767,44.97485060691833,2.796633243560791,1.4152706861495972,0.21105536818504333
,,,,3.616832734999889,-0.02235474586486319,0.06515381336211767,44.97485060691833,2.4641530513763428,1.5143558979034424,0.0478285513818264
,,,,3.6265644469999643,-0.02235474586486319,0.06515381336211767,44.97485060691833,2.0846304893493652,1.4563632011413574,0.19123338162899017
,,,,3.6364199699999062,-0.02235474586486319,0.06515381336211767,44.97485060691833,2.6805622577667236,1.6035258769989014,-0.13393180072307587
,,,,3.646189571999912,-0.02235474586486319,0.06515381336211767,44.97485060691833,2.3346238136291504,1.533008337020874,0.007699593901634216
,,,,3.6570595749999484,-0.02235474586486319,0.06515381336211767,44.96266264915466,2.5550832748413086,1.3992652893066406,-0.09254264086484909
,,,,3.666796664000003,-0.02235474586486319,0.04999992847442236,44.96485610008239,2.3320250511169434,1.5690668821334839,0.04761490225791931
,,,,3.6765600569999606,-0.02235474586486319,0.04999992847442236,44.96485610008239,2.4675040245056152,1.4831148386001587,0.04975380003452301
,,,,3.6864341399998466,-0.02235474586486319,0.04999992847442236,44.96485610008239,2.151538848876953,1.4659453630447388,0.19356563687324524
,,,,3.6963493439998274,-0.02235474586486319,0.04999992847442236,44.96485610008239,2.7473673820495605,1.5584057569503784,-0.015568971633911133
,,,,3.707163921999836,-0.02235474586486319,0.04999992847442236,44.96485610008239,2.445122003555298,1.8577380180358887,0.19616945087909698
,,,,3.716901714999949,-0.02235474586486319,0.04999992847442236,44.96485610008239,3.2003698348999023,1.6565146446228027,0.03092053532600403
,,,,3.7267328219998035,-0.02235474586486319,0.04999992847442236,44.96485610008239,2.5489540100097656,1.858298897743225,0.05729028582572937
,,,,3.73652472699996,-0.02235474586486319,0.040625309944148924,44.96485610008239,2.550562858581543,1.7272703647613525,0.004405505955219269
,,,,3.746288568999944,-0.02235474586486319,0.04000065326690283,44.96485610008239,3.028266668319702,1.365483283996582,0.14657139778137207
,,,,3.75711601099988,-0.02235474586486319,0.04000065326690283,44.96485610008239,2.422294855117798,1.53529953956604,0.00675627589225769
,,,,3.7668474039999182,-0.02235474586486319,0.04000065326690283,44.96485610008239,2.5828096866607666,1.3083091974258423,0.058328717947006226
,,,,3.776575116999993,-0.02235474586486319,0.04000065326690283,44.96485610008239,1.9764970541000366,1.3082716464996338,0.15399526059627533
,,,,3.7863182219998635,-0.02235474586486319,0.04000065326690283,44.96485610008239,2.426689386367798,1.8126678466796875,0.15543194115161896
,,,,3.7971465599998737,-0.02235474586486319,0.04000065326690283,44.96485610008239,2.16972279548645,1.5359326601028442,-0.053749263286590576
,,,,3.8068979529998614,-0.02235474586486319,0.04000065326690283,44.96485610008239,2.401334047317505,1.5010883808135986,0.1586209237575531
,,,,3.816665346999798,-0.02235474586486319,0.04000065326690283,44.96485610008239,2.11527419090271,1.17417573928833,0.06601369380950928
,,,,3.826395618999868,-0.02235474586486319,0.04000065326690283,44.96485610008239,2.458682060241699,1.7067986726760864,0.06666150689125061
,,,,3.83721938199983,-0.02235474586486319,0.04000065326690283,44.96485610008239,2.3390984535217285,1.4090293645858765,0.06784230470657349
,,,,3.8469563749999907,-0.02235474586486319,0.04000065326690283,44.96485610008239,2.802347421646118,1.5370882749557495,0.21169252693653107
,,,,3.8566968559998713,-0.02235474586486319,0.04000065326690283,44.96485610008239,2.2583231925964355,1.3096643686294556,0.021403804421424866
,,,,3.866416855999887,-0.02235474586486319,0.04000065326690283,44.96485610008239,2.485764741897583,1.4520965814590454,-0.3948335349559784
,,,,3.8772399469999073,-0.02235474586486319,0.04000065326690283,44.96485610008239,2.6305980682373047,1.5584126710891724,0.12293659150600433
,,,,3.8870817099998476,-0.02235474586486319,0.04000065326690283,44.96485610008239,2.611112356185913,1.5408215522766113,0.21697740256786346
,,,,3.896839534999799,-0.02235474586486319,0.04000065326690283,44.96485610008239,2.9737164974212646,1.1968799829483032,0.1937309205532074
,,,,3.906583375999844,-0.02235474586486319,0.04000065326690283,44.96485610008239,2.6150264739990234,1.5875344276428223,0.14530852437019348
,,,,3.9164279539998006,-0.02235474586486319,0.04000065326690283,44.96485610008239,2.6112139225006104,1.395525574684143,0.31261181831359863
,,,,3.9261813949999578,-0.02235474586486319,0.04000065326690283,44.96485610008239,2.2309467792510986,1.5371404886245728,0.21987925469875336
,,,,3.9370184379999955,-0.02235474586486319,0.04000065326690283,44.96485610008239,2.5411016941070557,1.367550015449524,0.028954148292541504
,,,,3.9467489669998486,-0.02235474586486319,0.04000065326690283,44.96485610008239,2.5600481033325195,1.3681631088256836,0.17192323505878448
,,,,3.9564849359999243,-0.02235474586486319,0.04000065326690283,44.96485610008239,2.905472755432129,1.454177737236023,0.33682405948638916
,,,,3.9662359769999966,-0.02235474586486319,0.04000065326690283,44.96485610008239,2.505964994430542,1.177262544631958,0.03083375096321106
,,,,3.97705506699981,-0.02235474586486319,0.04000065326690283,44.96485610008239,2.5623557567596436,1.139106035232544,0.10549737513065338
,,,,3.9868005399998765,-0.02235474586486319,0.04000065326690283,44.96485610008239,2.4136745929718018,1.3418478965759277,0.1481238305568695
,,,,3.996582365999984,-0.02235474586486319,0.04000065326690283,44.96485610008239,2.4358606338500977,1.5404895544052124,0.1477752923965454
,,,,4.006312894999837,-0.02235474586486319,0.04000065326690283,44.96485610008239,2.7506966590881348,1.171215534210205,0.22166287899017334
,,,,4.01715800199986,-0.02235474586486319,0.04000065326690283,44.96485610008239,3.0220890045166016,1.0014042854309082,0.17279940843582153
,,,,4.026903570999821,-0.02235474586486319,0.04000065326690283,44.96485610008239,2.7484819889068604,1.5342938899993896,0.294169545173645
,,,,4.036668019999979,-0.02235474586486319,0.04000065326690283,44.96485610008239,2.6883225440979004,1.2004462480545044,0.17157872021198273
,,,,4.046400661000007,-0.02235474586486319,0.04000065326690283,44.96485610008239,2.5559256076812744,1.6541820764541626,0.23845084011554718
,,,,4.057224070999837,-0.02235474586486319,0.04000065326690283,44.96485610008239,2.887877941131592,1.540400743484497,0.3033956289291382
,,,,4.066949447999832,-0.02235474586486319,0.04000065326690283,44.96485610008239,2.5300261974334717,1.4261473417282104,0.17642667889595032
,,,,4.076684168999918,-0.02235474586486319,0.027970051765437987,44.96485610008239,2.3125247955322266,1.8380099534988403,0.38422346115112305
,,,,4.086410120999972,-0.02235474586486319,0.0300013780593833,44.96485610008239,2.688427209854126,1.485049843788147,0.2860327661037445
,,,,4.097232635999944,-0.02235474586486319,0.0300013780593833,44.96485610008239,2.4895291328430176,1.1827497482299805,0.23073971271514893
,,,,4.106965884999909,-0.02235474586486319,0.0300013780593833,44.96485610008239,2.512770414352417,1.6171585321426392,0.2964085638523102
,,,,4.116696989999809,-0.02235474586486319,0.0300013780593833,44.96485610008239,2.4048354625701904,1.5584553480148315,0.269056499004364
,,,,4.126443261999839,-0.02235474586486319,0.0300013780593833,44.96485610008239,2.7871410846710205,1.6164300441741943,0.053449779748916626
,,,,4.136295200999939,-0.02235474586486319,0.0300013780593833,44.96485610008239,2.288517475128174,1.8401297330856323,0.16311591863632202
,,,,4.147183508999888,-0.02235474586486319,0.021251416206355955,44.96485610008239,2.4597489833831787,1.574886679649353,0.2546811103820801
,,,,4.157010838999895,-0.02235474586486319,0.020002102851863768,44.96485610008239,2.228546619415283,1.3820998668670654,0.32207825779914856
,,,,4.166747447999796,-0.02235474586486319,0.020002102851863768,44.98000998497009,3.186121702194214,1.4088265895843506,0.4828594923019409
,,,,4.176539385999831,-0.02235474586486319,0.020002102851863768,44.98000998497009,2.561016321182251,1.5549390316009521,0.24530193209648132
,,,,4.186303098999815,-0.02235474586486319,0.020002102851863768,44.98000998497009,2.6706669330596924,1.517852783203125,0.19502316415309906
,,,,4.197129517999883,-0.02235474586486319,0.020002102851863768,44.98000998497009,2.814723014831543,1.3898171186447144,-0.0447106659412384
,,,,4.206861389999858,-0.02235474586486319,0.020002102851863768,44.98000998497009,2.4603700637817383,1.4252421855926514,0.2357085943222046
,,,,4.216595054999971,-0.02235474586486319,0.020002102851863768,44.98000998497009,3.0210063457489014,1.535422682762146,0.1861434131860733
,,,,4.226329007999993,-0.02235474586486319,0.020002102851863768,44.992350530624385,2.6609013080596924,1.1494311094284058,0.159245565533638
,,,,4.237155073999929,-0.02235474586486319,0.020002102851863768,44.990004491806026,2.0525400638580322,1.2044752836227417,0.22683359682559967
,,,,4.246913123000013,-0.02235474586486319,0.020002102851863768,44.990004491806026,3.1528983116149902,1.314327359199524,0.13137376308441162
,,,,4.256647587999851,-0.02235474586486319,0.020002102851863768,44.990004491806026,2.4720299243927,1.8263763189315796,0.24511204659938812
,,,,4.266561543999842,-0.02235474586486319,0.020002102851863768,44.990004491806026,2.8333218097686768,1.788883924484253,0.2909071147441864
,,,,4.276339753000002,-0.02235474586486319,0.020002102851863768,44.990004491806026,2.832343339920044,1.3138242959976196,0.07821333408355713
,,,,4.287166171999843,-0.013135099411005768,0.020002102851863768,44.990004491806026,2.453331708908081,1.4970703125,0.14574259519577026
,,,,4.2969335969999065,-0.012354278564448151,0.020002102851863768,44.990004491806026,2.8038198947906494,1.4967528581619263,0.1436499059200287
,,,,4.306720670999994,-0.012354278564448151,0.020002102851863768,44.990004491806026,2.5401740074157715,1.340713620185852,0.18859785795211792
,,,,4.3164541429998735,-0.012354278564448151,0.020002102851863768,44.990004491806026,2.7032735347747803,1.5330089330673218,0.09396561235189438
,,,,4.326255424999999,-0.012354278564448151,0.020002102851863768,44.990004491806026,3.0292396545410156,1.4223859310150146,-0.001410365104675293
,,,,4.337102387999948,-0.012354278564448151,0.014685368537898924,44.990004491806026,2.4325778484344482,1.3413267135620117,0.23391811549663544
,,,,4.346867764999843,-0.012354278564448151,-1.2159347573259538e-06,44.990004491806026,2.5307857990264893,1.5312732458114624,0.5874393582344055
,,,,4.357131294999817,-0.012354278564448151,-1.2159347573259538e-06,44.990004491806026,2.3548357486724854,1.4347394704818726,0.0005074143409729004
,,,,4.366934944999912,-0.012354278564448151,-1.2159347573259538e-06,44.990004491806026,2.7192811965942383,1.2472044229507446,0.06906552612781525
,,,,4.376833859999806,-0.012354278564448151,-1.2159347573259538e-06,44.990004491806026,2.7183334827423096,1.327344536781311,0.20846810936927795
,,,,4.386608260999992,-0.012354278564448151,-1.2159347573259538e-06,44.990004491806026,2.1202311515808105,1.3972049951553345,0.2524292469024658
,,,,4.396422694999956,-0.012354278564448151,-1.2159347573259538e-06,44.990004491806026,2.7052338123321533,1.6416560411453247,0.15852294862270355
,,,,4.40621616899989,-0.012354278564448151,-1.2159347573259538e-06,44.990004491806026,2.4881083965301514,1.8020665645599365,0.20369496941566467
,,,,4.417092765000007,-0.012354278564448151,-1.2159347573259538e-06,44.990004491806026,2.500208616256714,1.5873653888702393,0.20240914821624756
,,,,4.426831420999861,-0.012354278564448151,-1.2159347573259538e-06,44.990004491806026,2.660984516143799,1.7049702405929565,0.20067380368709564
,,,,4.43695872499984,-0.012354278564448151,-1.2159347573259538e-06,44.990004491806026,2.5049126148223877,1.2595728635787964,0.10508112609386444
,,,,4.446710821999886,-0.012354278564448151,-1.2159347573259538e-06,44.990004491806026,2.399078130722046,1.5307118892669678,0.1043548434972763
,,,,4.456463430999975,-0.012354278564448151,-1.2159347573259538e-06,44.990004491806026,2.5025463104248047,1.5895015001296997,0.10279214382171631
,,,,4.466243591999955,-0.012354278564448151,-1.2159347573259538e-06,44.990004491806026,2.573301076889038,1.5306644439697266,0.12462830543518066
,,,,4.477143227999932,-0.012354278564448151,-1.2159347573259538e-06,44.990004491806026,2.9107155799865723,1.5304858684539795,0.1466744840145111
,,,,4.486885468999844,-0.012354278564448151,-1.2159347573259538e-06,44.990004491806026,2.6326255798339844,1.2882897853851318,0.14427275955677032
,,,,4.49663590199998,-0.012354278564448151,-1.2159347573259538e-06,44.990004491806026,2.3476665019989014,1.612454891204834,0.30735358595848083
,,,,4.506406814999991,-0.012354278564448151,-1.2159347573259538e-06,44.990004491806026,2.6354622840881348,1.6515074968338013,0.30594131350517273
,,,,4.516235040999845,-0.012354278564448151,-1.2159347573259538e-06,44.990004491806026,2.8845486640930176,1.5300538539886475,0.21226947009563446
,,,,4.527084628000011,-0.012354278564448151,-1.2159347573259538e-06,44.990004491806026,2.398665189743042,1.4089140892028809,0.1871807724237442
,,,,4.53682322099985,-0.012354278564448151,-1.2159347573259538e-06,44.990004491806026,2.6389994621276855,1.5569884777069092,0.18501265347003937
,,,,4.546577621999859,-0.012354278564448151,-1.2159347573259538e-06,44.990004491806026,3.1446216106414795,1.3161150217056274,0.13698579370975494
,,,,4.556370359999846,-0.012354278564448151,-1.2159347573259538e-06,44.990004491806026,2.8122076988220215,1.6650958061218262,0.13703271746635437
,,,,4.567209450999826,-0.012354278564448151,-1.2159347573259538e-06,44.990004491806026,2.8302481174468994,1.2388484477996826,0.15866906940937042
,,,,4.576949580000019,-0.012354278564448151,-1.2159347573259538e-06,44.990004491806026,2.510443925857544,1.5288851261138916,0.18151889741420746
,,,,4.586719020999908,-0.012354278564448151,-1.2159347573259538e-06,44.990004491806026,2.600965976715088,1.5286818742752075,0.1802617311477661
,,,,4.596460205999847,-0.012354278564448151,-1.2159347573259538e-06,44.990004491806026,2.356874465942383,1.5285060405731201,0.3662950098514557
,,,,4.606233454999938,-0.012354278564448151,-1.2159347573259538e-06,44.990004491806026,2.7720065116882324,1.5284560918807983,0.20261338353157043
,,,,4.617094338000015,-0.012354278564448151,-1.2159347573259538e-06,44.990004491806026,2.7343738079071045,1.5281647443771362,0.22420689463615417
,,,,4.626852258999861,-0.012354278564448151,-1.2159347573259538e-06,44.990004491806026,2.2734322547912598,1.703323245048523,0.08370694518089294
,,,,4.636597795999933,-0.012354278564448151,-1.2159347573259538e-06,44.990004491806026,2.7343785762786865,1.7229984998703003,0.2921169102191925
,,,,4.646354628999916,-0.012354278564448151,-1.2159347573259538e-06,44.99750990867614,2.570331573486328,1.6353907585144043,0.19806984066963196
,,,,4.657195255999795,-0.012354278564448151,-1.2159347573259538e-06,45.00000853538513,2.5502617359161377,1.2328510284423828,0.12744754552841187
,,,,4.666954905000011,-0.012354278564448151,-1.2159347573259538e-06,45.00000853538513,2.5173661708831787,1.393145203590393,0.3604426383972168
,,,,4.676726586999848,-0.012354278564448151,-1.2159347573259538e-06,45.00000853538513,2.542684555053711,1.799820899963379,0.03457483649253845
,,,,4.686467098999856,-0.012354278564448151,-1.2159347573259538e-06,45.00000853538513,2.65743088722229,1.5823019742965698,0.2672564387321472
,,,,4.6962306849998185,-0.012354278564448151,-1.2159347573259538e-06,45.00000853538513,2.5732154846191406,1.3734253644943237,0.19716665148735046
,,,,4.70718068899987,-0.012354278564448151,-1.2159347573259538e-06,45.00000853538513,2.3412399291992188,1.6075284481048584,0.38296735286712646
,,,,4.716954866999913,-0.012354278564448151,-1.2159347573259538e-06,45.00000853538513,2.4728567600250244,1.5289533138275146,0.1721537858247757
,,,,4.726726227999961,-0.012354278564448151,-1.2159347573259538e-06,45.00000853538513,2.2004897594451904,1.3935226202011108,0.2881883680820465
,,,,4.7364652689998366,-0.012354278564448151,-1.2159347573259538e-06,45.00000853538513,2.8471860885620117,1.4320826530456543,0.19421574473381042
,,,,4.746231541999805,-0.012354278564448151,-1.2159347573259538e-06,45.00000853538513,2.88093900680542,1.5281567573547363,0.03110341727733612
,,,,4.757093704999988,-0.012354278564448151,-1.2159347573259538e-06,45.00000853538513,2.8031628131866455,1.6850156784057617,0.35662150382995605
,,,,4.766927243999817,-0.012354278564448151,-1.2159347573259538e-06,45.00000853538513,2.972452402114868,1.52889084815979,0.17086809873580933
,,,,4.776733068999874,-0.012354278564448151,-1.2159347573259538e-06,45.00000853538513,2.7382287979125977,1.4003593921661377,0.030949607491493225
,,,,4.7864771659999406,-0.012354278564448151,-1.2159347573259538e-06,45.00000853538513,2.7479584217071533,1.447096586227417,0.12427151203155518
,,,,4.796239438999919,-0.012354278564448151,-1.2159347573259538e-06,45.00000853538513,2.5463593006134033,1.4527866840362549,0.3803814947605133
,,,,4.807095234999906,-0.002353811264033112,-1.2159347573259538e-06,45.00000853538513,2.500342845916748,1.9570893049240112,0.1718001812696457
,,,,4.8168543719998524,-0.002353811264033112,-1.2159347573259538e-06,45.00000853538513,2.7955691814422607,1.6219477653503418,0.3115158677101135
,,,,4.826598564999813,-0.002353811264033112,0.015939450263973143,45.00000853538513,2.7041354179382324,0.8830075860023499,0.2213517427444458
,,,,4.83636154199985,-0.002353811264033112,0.015157437324520018,45.00000853538513,2.7409555912017822,1.4217751026153564,0.08259651064872742
,,,,4.847197080999877,-0.002353811264033112,0.015157437324520018,45.00000853538513,2.6773881912231445,1.5300158262252808,0.17489810287952423
,,,,4.856952217999833,-0.002353811264033112,-0.0010931730270424822,45.00000853538513,2.8684730529785156,1.3688483238220215,0.15428689122200012
,,,,4.866728378999824,-0.002353811264033112,-1.2159347573259538e-06,45.00000853538513,2.625466823577881,1.5297318696975708,0.17684432864189148
,,,,4.876478651999832,-0.002353811264033112,0.002497410774227049,45.00000853538513,2.637568950653076,1.8061981201171875,0.29361411929130554
,,,,4.886243964999949,-0.002353811264033112,0.015157437324520018,45.00906844139099,2.6990110874176025,1.230583667755127,0.08646732568740845
,,,,4.897114928999827,-0.002353811264033112,0.015157437324520018,45.01001257896423,2.44183611869812,1.5693966150283813,0.20112961530685425
,,,,4.907019699999864,-0.002353811264033112,0.015157437324520018,45.01001257896423,2.4864706993103027,1.4225776195526123,0.548632025718689
,,,,4.9162705409999035,-0.002353811264033112,0.015157437324520018,45.01001257896423,2.511178970336914,1.8128600120544434,0.13082408905029297
,,,,4.927124800000001,-0.002353811264033112,0.015157437324520018,45.01001257896423,2.3902745246887207,1.5446510314941406,0.19996659457683563
,,,,4.936863040999924,-0.002353811264033112,0.015157437324520018,45.01001257896423,2.5904524326324463,1.5908335447311401,0.10669738054275513
,,,,4.9466061459997945,-0.002353811264033112,0.015157437324520018,45.01001257896423,2.0427474975585938,1.3466092348098755,0.037794798612594604
,,,,4.9563687389997995,-0.002353811264033112,0.015157437324520018,45.01001257896423,2.671158790588379,1.2506452798843384,0.037215664982795715
,,,,4.967212053999901,-0.002353811264033112,0.015157437324520018,45.01001257896423,2.5192880630493164,1.423531174659729,0.0824401006102562
,,,,4.976961174999815,-0.002353811264033112,0.015157437324520018,45.01001257896423,2.7317276000976562,1.423627257347107,0.03598383069038391
,,,,4.98673944799998,-0.002353811264033112,0.015157437324520018,45.01001257896423,2.501919746398926,1.8136498928070068,0.22036294639110565
,,,,4.996561977999818,-0.002353811264033112,0.015157437324520018,45.01001257896423,2.6326186656951904,1.3147826194763184,0.15323972702026367
,,,,5.006460093999976,-0.002353811264033112,0.015157437324520018,45.01001257896423,2.708547592163086,1.2014799118041992,0.1764521449804306
,,,,5.016264287000013,-0.002353811264033112,0.015157437324520018,45.01001257896423,2.6563289165496826,1.236545443534851,0.08376574516296387
,,,,5.027104465999855,-0.002353811264033112,0.015157437324520018,45.01001257896423,2.1104471683502197,1.4044617414474487,0.24665039777755737
,,,,5.036849651000011,-0.002353811264033112,0.015157437324520018,45.01001257896423,2.641197681427002,1.3694499731063843,0.131057471036911
,,,,5.0465971080000145,-0.002353811264033112,0.015157437324520018,45.01001257896423,2.9849939346313477,1.418647289276123,0.01498587429523468
,,,,5.056372629999942,-0.002353811264033112,0.015157437324520018,45.01001257896423,2.837061643600464,1.5323303937911987,0.13102972507476807
,,,,5.066277400999979,-0.002353811264033112,0.015157437324520018,45.01001257896423,3.190748453140259,1.5641956329345703,0.24713709950447083
,,,,5.077129259999992,-0.002353811264033112,0.015157437324520018,45.01001257896423,2.9025769233703613,1.1740671396255493,0.08565447479486465
,,,,5.086861260999967,-0.002353811264033112,0.015157437324520018,45.01001257896423,3.1264290809631348,1.3143413066864014,-0.007349967956542969
,,,,5.096603726000012,-0.002353811264033112,0.015157437324520018,45.01001257896423,3.1270577907562256,1.5315308570861816,0.2713247835636139
,,,,5.106378126999971,-0.002353811264033112,0.015157437324520018,45.01001257896423,2.568493366241455,1.5122238397598267,0.4554294943809509
,,,,5.117200289999801,-0.002353811264033112,0.015157437324520018,45.01001257896423,2.7545418739318848,1.512446403503418,-0.008743956685066223
,,,,5.126951234999979,-0.002353811264033112,0.015157437324520018,45.01001257896423,2.522592067718506,1.5317612886428833,0.10708288848400116
,,,,5.136753475999967,-0.002353811264033112,0.015157437324520018,45.01001257896423,2.6758670806884766,1.1739656925201416,-0.009045884013175964
,,,,5.146567845999925,-0.002353811264033112,0.015157437324520018,45.01001257896423,2.190563917160034,1.5319772958755493,0.2691115438938141
,,,,5.156447016999891,-0.002353811264033112,0.015157437324520018,45.01001257896423,2.344493865966797,1.5126079320907593,-0.031954266130924225
,,,,5.1662240749999455,-0.002353811264033112,0.015157437324520018,45.01001257896423,2.2046689987182617,1.423118233680725,0.10635150969028473
,,,,5.177065277999873,-0.002353811264033112,0.015157437324520018,45.01001257896423,2.3096325397491455,1.342134714126587,0.42988327145576477
,,,,5.186885055999937,-0.002353811264033112,0.015157437324520018,45.01001257896423,2.0933496952056885,1.532270908355713,0.03608222305774689
,,,,5.196619776999796,-0.002353811264033112,0.015157437324520018,45.01001257896423,2.4220874309539795,1.532439947128296,0.08084562420845032
,,,,5.206372353000006,-0.002353811264033112,0.015157437324520018,45.01001257896423,2.4111766815185547,1.5409575700759888,-0.057753369212150574
,,,,5.217196339999873,-0.002353811264033112,0.015157437324520018,45.01001257896423,2.917742967605591,1.3427433967590332,0.08078646659851074
,,,,5.226940404999823,-0.002353811264033112,0.015157437324520018,45.01001257896423,3.0718677043914795,1.31583571434021,0.08084534853696823
,,,,5.236708629999839,-0.002353811264033112,0.015157437324520018,45.01001257896423,2.9689865112304688,1.3703396320343018,0.08066405355930328
,,,,5.246399797999857,-0.002353811264033112,0.015157437324520018,45.01001257896423,2.8399791717529297,1.2071613073349,0.08084027469158173
,,,,5.257371210999963,-0.002353811264033112,0.015157437324520018,45.01001257896423,3.197984457015991,1.3427964448928833,0.03525499999523163
,,,,5.2671223159998135,-0.002353811264033112,0.015157437324520018,45.01001257896423,2.684621810913086,1.3776729106903076,-0.22062495350837708
,,,,5.276854987999968,-0.002353811264033112,0.015157437324520018,45.01001257896423,2.547752857208252,1.4940836429595947,-0.012301713228225708
,,,,5.286582284999895,-0.002353811264033112,0.015157437324520018,45.01001257896423,2.497288942337036,1.6232118606567383,0.1257672905921936
,,,,5.296330861999877,-0.002353811264033112,0.015157437324520018,45.01001257896423,2.914161443710327,1.6726205348968506,0.14809581637382507
,,,,5.307149503999881,-0.002353811264033112,-1.2159347573259538e-06,45.01001257896423,2.428481340408325,1.4233124256134033,-0.057438939809799194
,,,,5.316880032999961,-0.002353811264033112,-1.2159347573259538e-06,45.01001257896423,2.3657758235931396,1.4137076139450073,0.12749825417995453
,,,,5.32669961900001,-0.002353811264033112,-1.2159347573259538e-06,45.01001257896423,3.157269239425659,1.5299030542373657,-0.05818118900060654
,,,,5.3364414119998855,-0.002353811264033112,-1.2159347573259538e-06,45.01001257896423,3.079871654510498,1.3157660961151123,0.03337373584508896
,,,,5.3472598299999845,-0.002353811264033112,-1.2159347573259538e-06,45.01001257896423,3.0527517795562744,1.3161064386367798,0.08031385391950607
,,,,5.3570213030000104,-0.002353811264033112,-1.2159347573259538e-06,45.01001257896423,3.0370280742645264,1.4796007871627808,0.08066369593143463
,,,,5.366756567999801,-0.002353811264033112,-1.2159347573259538e-06,45.01001257896423,2.249346971511841,1.5290545225143433,0.31137359142303467
,,,,5.376605561999895,-0.002353811264033112,-1.2159347573259538e-06,45.01001257896423,2.5690760612487793,1.3419432640075684,0.07933838665485382
,,,,5.386414844000001,-0.002353811264033112,-1.2159347573259538e-06,45.01001257896423,2.882416009902954,1.369164228439331,0.17213815450668335
,,,,5.397246798999959,-0.002353811264033112,-1.2159347573259538e-06,45.01001257896423,1.9349099397659302,1.286995768547058,-0.12948256731033325
,,,,5.406980271999828,-0.002353811264033112,-1.2159347573259538e-06,45.01001257896423,2.576842784881592,1.4815908670425415,0.12506338953971863
,,,,5.41671809599984,-0.002353811264033112,-1.2159347573259538e-06,45.01001257896423,2.7312538623809814,1.5297527313232422,-0.05947084724903107
,,,,5.426450512999963,-0.002353811264033112,-1.2159347573259538e-06,45.01001257896423,2.3926446437835693,1.529523253440857,0.12610620260238647
,,,,5.436219089999895,-0.002353811264033112,-1.2159347573259538e-06,45.01001257896423,2.4949214458465576,1.5295411348342896,0.10335440188646317
,,,,5.4470773169998665,-0.002353811264033112,-1.2159347573259538e-06,45.01001257896423,2.7048962116241455,1.274513602256775,-0.058990269899368286
,,,,5.456817797999975,-0.002353811264033112,-1.2159347573259538e-06,45.01001257896423,2.5135350227355957,1.4223923683166504,0.10222546756267548
,,,,5.466576294999868,-0.002353811264033112,-1.2159347573259538e-06,45.01001257896423,2.794926166534424,1.528980016708374,0.054963618516922
,,,,5.476339431999804,-0.002353811264033112,-1.2159347573259538e-06,45.01001257896423,2.796308994293213,1.4200282096862793,0.07801202684640884
,,,,5.487159002999988,-0.002353811264033112,-1.2159347573259538e-06,45.01001257896423,2.6819980144500732,1.5483872890472412,0.16954171657562256
,,,,5.4970320299999,-0.002353811264033112,-1.2159347573259538e-06,45.01001257896423,2.4519124031066895,1.3686233758926392,-0.015373431146144867
,,,,5.5067957750000005,-0.002353811264033112,-1.2159347573259538e-06,45.01001257896423,2.7751824855804443,1.5558536052703857,-0.014595136046409607
,,,,5.51659827200001,-0.002353811264033112,-1.2159347573259538e-06,45.01001257896423,2.802095890045166,1.2187895774841309,0.03146791458129883
,,,,5.5264021460000095,-0.002353811264033112,-1.2159347573259538e-06,45.01001257896423,2.2838521003723145,1.489741563796997,0.07855381071567535
,,,,5.537335158999895,-0.002353811264033112,-1.2159347573259538e-06,45.01001257896423,2.637611150741577,1.4009732007980347,-0.06197165697813034
,,,,5.5471122159999595,-0.002353811264033112,-1.2159347573259538e-06,45.01001257896423,2.476048231124878,1.368775725364685,0.07619740068912506
,,,,5.556856856999957,-0.002353811264033112,-1.2159347573259538e-06,45.01001257896423,2.500091314315796,1.1800276041030884,0.09961552917957306
,,,,5.56660722599986,-0.002353811264033112,-1.2159347573259538e-06,45.01001257896423,2.557407855987549,1.179913878440857,-0.06166835129261017
,,,,5.576377210999908,-0.002353811264033112,-1.2159347573259538e-06,45.01001257896423,2.6847054958343506,1.529587745666504,0.26202523708343506
,,,,5.587213293999866,-0.002353811264033112,-1.2159347573259538e-06,45.01001257896423,2.3969409465789795,1.3694912195205688,0.05282621085643768
,,,,5.596980430999793,-0.002353811264033112,-1.2159347573259538e-06,45.01001257896423,2.0150206089019775,1.5300184488296509,0.005445882678031921
